alignas(2) static const uint8_t assets_bitcoin_logo_rgb565[] = {
  0x00, 0x00, 0x00, 0x00, 0x00, 0x00, 0x00, 0x00, 0x00, 0x00, 0x00, 0x00,
  0x00, 0x00, 0x00, 0x00, 0x00, 0x00, 0x00, 0x00, 0x00, 0x00, 0x00, 0x00,
  0x00, 0x00, 0x00, 0x00, 0x00, 0x00, 0x00, 0x00, 0x00, 0x00, 0x00, 0x00,
  0x00, 0x00, 0x00, 0x00, 0x00, 0x00, 0x00, 0x00, 0x00, 0x00, 0x00, 0x00,
  0x00, 0x00, 0x00, 0x00, 0x00, 0x00, 0x00, 0x00, 0x00, 0x00, 0x00, 0x00,
  0x00, 0x00, 0x00, 0x00, 0x00, 0x00, 0x00, 0x00, 0x00, 0x00, 0x00, 0x00,
  0x00, 0x00, 0x00, 0x00, 0x00, 0x00, 0x00, 0x00, 0x00, 0x00, 0x00, 0x00,
  0x00, 0x00, 0x00, 0x00, 0x00, 0x00, 0x00, 0x00, 0x00, 0x00, 0x00, 0x00,
  0x00, 0x00, 0x00, 0x00, 0x00, 0x00, 0x00, 0x00, 0x00, 0x00, 0x00, 0x00,
  0x00, 0x00, 0x00, 0x00, 0x00, 0x00, 0x00, 0x00, 0x00, 0x00, 0x00, 0x00,
  0x00, 0x00, 0x00, 0x00, 0x00, 0x00, 0x00, 0x00, 0x00, 0x00, 0x00, 0x00,
  0x00, 0x00, 0x00, 0x00, 0x00, 0x00, 0x00, 0x00, 0x00, 0x00, 0x00, 0x00,
  0x00, 0x00, 0x00, 0x00, 0x00, 0x00, 0x00, 0x00, 0x00, 0x00, 0x00, 0x00,
  0x00, 0x00, 0x00, 0x00, 0x00, 0x00, 0x00, 0x00, 0x00, 0x00, 0x00, 0x00,
  0x00, 0x00, 0x00, 0x00, 0x00, 0x00, 0x00, 0x00, 0x00, 0x00, 0x00, 0x00,
  0x00, 0x00, 0x00, 0x00, 0x00, 0x00, 0x00, 0x00, 0x00, 0x00, 0x00, 0x00,
  0x00, 0x00, 0x00, 0x00, 0x00, 0x00, 0x00, 0x00, 0x00, 0x00, 0x00, 0x00,
  0x00, 0x00, 0x00, 0x00, 0x00, 0x00, 0x00, 0x00, 0x00, 0x00, 0x00, 0x00,
  0x00, 0x00, 0x00, 0x00, 0x00, 0x00, 0x00, 0x00, 0x00, 0x00, 0x00, 0x00,
  0x00, 0x00, 0x00, 0x00, 0x00, 0x00, 0x00, 0x00, 0x00, 0x00, 0x00, 0x00,
  0x00, 0x00, 0x00, 0x00, 0x00, 0x00, 0x00, 0x00, 0x00, 0x00, 0x00, 0x00,
  0x00, 0x00, 0x00, 0x00, 0x00, 0x00, 0x00, 0x00, 0x00, 0x00, 0x00, 0x00,
  0x00, 0x00, 0x00, 0x00, 0x00, 0x00, 0x00, 0x00, 0x00, 0x00, 0x00, 0x00,
  0x00, 0x00, 0x00, 0x00, 0x00, 0x00, 0x00, 0x00, 0x00, 0x00, 0x00, 0x00,
  0x00, 0x00, 0x00, 0x00, 0x00, 0x00, 0x00, 0x00, 0x00, 0x00, 0x00, 0x00,
  0x00, 0x00, 0x00, 0x00, 0x00, 0x00, 0x00, 0x00, 0x00, 0x00, 0x00, 0x00,
  0x00, 0x00, 0x00, 0x00, 0x00, 0x00, 0x00, 0x00, 0x00, 0x00, 0x00, 0x00,
  0x00, 0x00, 0x00, 0x00, 0x00, 0x00, 0x00, 0x00, 0x00, 0x00, 0x00, 0x00,
  0x00, 0x00, 0x00, 0x00, 0x00, 0x00, 0x00, 0x00, 0x00, 0x00, 0x00, 0x00,
  0x00, 0x00, 0x00, 0x00, 0x00, 0x00, 0x00, 0x00, 0x00, 0x00, 0x00, 0x00,
  0x00, 0x00, 0x00, 0x00, 0x00, 0x00, 0x00, 0x00, 0x00, 0x00, 0x00, 0x00,
  0x00, 0x00, 0x00, 0x00, 0x00, 0x00, 0x00, 0x00, 0x00, 0x00, 0x00, 0x00,
  0x00, 0x00, 0x00, 0x00, 0x00, 0x00, 0x00, 0x00, 0x00, 0x00, 0x00, 0x00,
  0x00, 0x00, 0x00, 0x00, 0x00, 0x00, 0x00, 0x00, 0x00, 0x00, 0x00, 0x00,
  0x00, 0x00, 0x00, 0x00, 0x00, 0x00, 0x00, 0x00, 0x00, 0x00, 0x00, 0x00,
  0x00, 0x00, 0x00, 0x00, 0x00, 0x00, 0x00, 0x00, 0x00, 0x00, 0x00, 0x00,
  0x00, 0x00, 0x00, 0x00, 0x00, 0x00, 0x00, 0x00, 0x00, 0x00, 0x00, 0x00,
  0x00, 0x00, 0x00, 0x00, 0x00, 0x00, 0x00, 0x00, 0x00, 0x00, 0x00, 0x00,
  0x00, 0x00, 0x00, 0x00, 0x00, 0x00, 0x00, 0x00, 0x00, 0x00, 0x00, 0x00,
  0x00, 0x00, 0x00, 0x00, 0x00, 0x00, 0x00, 0x00, 0x00, 0x00, 0x00, 0x00,
  0x00, 0x00, 0x00, 0x00, 0x00, 0x00, 0x00, 0x00, 0x00, 0x00, 0x00, 0x00,
  0x00, 0x00, 0x00, 0x00, 0x00, 0x00, 0x00, 0x00, 0x00, 0x00, 0x00, 0x00,
  0x00, 0x00, 0x00, 0x00, 0x00, 0x00, 0x00, 0x00, 0x00, 0x00, 0x00, 0x00,
  0x00, 0x00, 0x00, 0x00, 0x00, 0x00, 0x00, 0x00, 0x00, 0x00, 0x00, 0x00,
  0x00, 0x00, 0x00, 0x00, 0x00, 0x00, 0x00, 0x00, 0x00, 0x00, 0x00, 0x00,
  0x20, 0x00, 0x00, 0x00, 0x00, 0x00, 0x00, 0x00, 0x00, 0x00, 0x00, 0x00,
  0x00, 0x00, 0x00, 0x00, 0x00, 0x00, 0x00, 0x00, 0x00, 0x00, 0x00, 0x00,
  0x00, 0x00, 0x00, 0x00, 0x00, 0x00, 0x00, 0x00, 0x00, 0x00, 0x00, 0x00,
  0x00, 0x00, 0x00, 0x00, 0x00, 0x00, 0x00, 0x00, 0x00, 0x00, 0x00, 0x00,
  0x00, 0x00, 0x00, 0x00, 0x00, 0x00, 0x00, 0x00, 0x00, 0x00, 0x00, 0x00,
  0x00, 0x00, 0x00, 0x00, 0x00, 0x00, 0x00, 0x00, 0x00, 0x00, 0x00, 0x00,
  0x00, 0x00, 0x00, 0x00, 0x00, 0x00, 0x00, 0x00, 0x00, 0x00, 0x00, 0x00,
  0x00, 0x00, 0x00, 0x00, 0x00, 0x00, 0x00, 0x00, 0x00, 0x00, 0x00, 0x00,
  0x00, 0x00, 0x00, 0x00, 0x00, 0x00, 0x00, 0x00, 0x00, 0x00, 0x00, 0x00,
  0x00, 0x00, 0x00, 0x00, 0x00, 0x00, 0x00, 0x00, 0x00, 0x00, 0x00, 0x00,
  0x00, 0x00, 0x00, 0x00, 0x00, 0x00, 0x00, 0x00, 0x00, 0x00, 0x00, 0x00,
  0x00, 0x00, 0x00, 0x00, 0x00, 0x00, 0x00, 0x00, 0x00, 0x00, 0x00, 0x00,
  0x00, 0x00, 0x00, 0x00, 0x00, 0x00, 0x00, 0x00, 0x00, 0x00, 0x00, 0x00,
  0x00, 0x00, 0x00, 0x00, 0x00, 0x00, 0x00, 0x00, 0x00, 0x00, 0x00, 0x00,
  0x00, 0x00, 0x00, 0x00, 0x00, 0x00, 0x00, 0x00, 0x00, 0x00, 0x00, 0x00,
  0x00, 0x00, 0x00, 0x00, 0x00, 0x00, 0x00, 0x00, 0x00, 0x00, 0x00, 0x00,
  0x00, 0x00, 0x00, 0x00, 0x00, 0x00, 0x00, 0x00, 0x00, 0x00, 0x00, 0x00,
  0x00, 0x00, 0x00, 0x00, 0x00, 0x00, 0x00, 0x00, 0x00, 0x00, 0x00, 0x00,
  0x00, 0x00, 0x00, 0x00, 0x00, 0x00, 0x00, 0x00, 0x00, 0x00, 0x00, 0x00,
  0x00, 0x00, 0x81, 0x10, 0x80, 0x20, 0x00, 0x39, 0xc1, 0x61, 0xa0, 0x61,
  0xa1, 0x59, 0xc0, 0x61, 0xa1, 0x59, 0xa0, 0x61, 0xa1, 0x59, 0x80, 0x59,
  0x80, 0x20, 0xa0, 0x28, 0x41, 0x08, 0x00, 0x00, 0x00, 0x00, 0x00, 0x00,
  0x00, 0x00, 0x00, 0x00, 0x00, 0x00, 0x00, 0x00, 0x00, 0x00, 0x00, 0x00,
  0x00, 0x00, 0x00, 0x00, 0x00, 0x00, 0x00, 0x00, 0x00, 0x00, 0x00, 0x00,
  0x00, 0x00, 0x00, 0x00, 0x00, 0x00, 0x00, 0x00, 0x00, 0x00, 0x00, 0x00,
  0x00, 0x00, 0x00, 0x00, 0x00, 0x00, 0x00, 0x00, 0x00, 0x00, 0x00, 0x00,
  0x00, 0x00, 0x00, 0x00, 0x00, 0x00, 0x00, 0x00, 0x00, 0x00, 0x00, 0x00,
  0x00, 0x00, 0x00, 0x00, 0x00, 0x00, 0x00, 0x00, 0x00, 0x00, 0x00, 0x00,
  0x00, 0x00, 0x00, 0x00, 0x00, 0x00, 0x00, 0x00, 0x00, 0x00, 0x00, 0x00,
  0x00, 0x00, 0x00, 0x00, 0x00, 0x00, 0x00, 0x00, 0x00, 0x00, 0x00, 0x00,
  0x00, 0x00, 0x00, 0x00, 0x00, 0x00, 0x00, 0x00, 0x00, 0x00, 0x00, 0x00,
  0x00, 0x00, 0x00, 0x00, 0x00, 0x00, 0x00, 0x00, 0x00, 0x00, 0x00, 0x00,
  0x00, 0x00, 0x00, 0x00, 0x00, 0x00, 0x00, 0x00, 0x00, 0x00, 0x00, 0x00,
  0x00, 0x00, 0x00, 0x00, 0x00, 0x00, 0x00, 0x00, 0x00, 0x00, 0x00, 0x00,
  0x00, 0x00, 0x00, 0x00, 0x00, 0x00, 0x00, 0x00, 0x00, 0x00, 0x00, 0x00,
  0x00, 0x00, 0x00, 0x00, 0x00, 0x00, 0x00, 0x00, 0x00, 0x00, 0x00, 0x00,
  0x20, 0x00, 0x00, 0x00, 0x00, 0x00, 0x00, 0x00, 0x00, 0x00, 0x21, 0x00,
  0xe0, 0x38, 0xc3, 0x51, 0xa0, 0x9a, 0x63, 0xb3, 0xe1, 0xdb, 0x63, 0xec,
  0xa2, 0xfc, 0xa3, 0xfc, 0xe3, 0xfc, 0xe3, 0xfc, 0xe2, 0xfc, 0xe3, 0xfc,
  0xe2, 0xfc, 0xe3, 0xfc, 0xe3, 0xfc, 0xc3, 0xfc, 0xa2, 0xfc, 0xa3, 0xfc,
  0x43, 0xe4, 0xa1, 0xcb, 0x03, 0x9b, 0x20, 0x7a, 0x82, 0x49, 0xa0, 0x28,
  0x00, 0x00, 0x00, 0x00, 0x00, 0x00, 0x00, 0x00, 0x00, 0x00, 0x00, 0x00,
  0x00, 0x00, 0x00, 0x00, 0x00, 0x00, 0x00, 0x00, 0x00, 0x00, 0x00, 0x00,
  0x00, 0x00, 0x00, 0x00, 0x00, 0x00, 0x00, 0x00, 0x00, 0x00, 0x00, 0x00,
  0x00, 0x00, 0x00, 0x00, 0x00, 0x00, 0x00, 0x00, 0x00, 0x00, 0x00, 0x00,
  0x00, 0x00, 0x00, 0x00, 0x00, 0x00, 0x00, 0x00, 0x00, 0x00, 0x00, 0x00,
  0x00, 0x00, 0x00, 0x00, 0x00, 0x00, 0x00, 0x00, 0x00, 0x00, 0x00, 0x00,
  0x00, 0x00, 0x00, 0x00, 0x00, 0x00, 0x00, 0x00, 0x00, 0x00, 0x00, 0x00,
  0x00, 0x00, 0x00, 0x00, 0x00, 0x00, 0x00, 0x00, 0x00, 0x00, 0x00, 0x00,
  0x00, 0x00, 0x00, 0x00, 0x00, 0x00, 0x00, 0x00, 0x00, 0x00, 0x00, 0x00,
  0x00, 0x00, 0x00, 0x00, 0x00, 0x00, 0x00, 0x00, 0x00, 0x00, 0x00, 0x00,
  0x00, 0x00, 0x00, 0x00, 0x00, 0x00, 0x00, 0x00, 0x00, 0x00, 0x00, 0x00,
  0x00, 0x00, 0x00, 0x00, 0x00, 0x00, 0x00, 0x00, 0x00, 0x00, 0x00, 0x00,
  0x00, 0x00, 0x00, 0x00, 0x00, 0x00, 0x00, 0x00, 0x00, 0x00, 0x00, 0x00,
  0x00, 0x00, 0x00, 0x00, 0x00, 0x00, 0x00, 0x00, 0x00, 0x00, 0x00, 0x00,
  0x80, 0x28, 0x03, 0x62, 0x00, 0xb3, 0x23, 0xdc, 0xa2, 0xfc, 0xe2, 0xfc,
  0xe3, 0xfc, 0xc2, 0xfc, 0xa3, 0xfc, 0xa2, 0xfc, 0x82, 0xfc, 0xa2, 0xfc,
  0x62, 0xfc, 0x82, 0xfc, 0x62, 0xfc, 0x82, 0xfc, 0x62, 0xfc, 0x82, 0xfc,
  0x62, 0xfc, 0x82, 0xfc, 0xa3, 0xfc, 0xa2, 0xfc, 0xa2, 0xfc, 0xc2, 0xfc,
  0xe2, 0xfc, 0xe2, 0xfc, 0xe3, 0xfc, 0x81, 0xfc, 0xe4, 0xcb, 0xa0, 0xa2,
  0x63, 0x41, 0x40, 0x20, 0x00, 0x00, 0x00, 0x00, 0x00, 0x00, 0x00, 0x00,
  0x00, 0x00, 0x00, 0x00, 0x00, 0x00, 0x00, 0x00, 0x00, 0x00, 0x00, 0x00,
  0x00, 0x00, 0x00, 0x00, 0x00, 0x00, 0x00, 0x00, 0x00, 0x00, 0x00, 0x00,
  0x00, 0x00, 0x00, 0x00, 0x00, 0x00, 0x00, 0x00, 0x00, 0x00, 0x00, 0x00,
  0x00, 0x00, 0x00, 0x00, 0x00, 0x00, 0x00, 0x00, 0x00, 0x00, 0x00, 0x00,
  0x00, 0x00, 0x00, 0x00, 0x00, 0x00, 0x00, 0x00, 0x00, 0x00, 0x00, 0x00,
  0x00, 0x00, 0x00, 0x00, 0x00, 0x00, 0x00, 0x00, 0x00, 0x00, 0x00, 0x00,
  0x00, 0x00, 0x00, 0x00, 0x00, 0x00, 0x00, 0x00, 0x00, 0x00, 0x00, 0x00,
  0x00, 0x00, 0x00, 0x00, 0x00, 0x00, 0x00, 0x00, 0x00, 0x00, 0x00, 0x00,
  0x00, 0x00, 0x00, 0x00, 0x00, 0x00, 0x00, 0x00, 0x00, 0x00, 0x00, 0x00,
  0x00, 0x00, 0x00, 0x00, 0x00, 0x00, 0x00, 0x00, 0x00, 0x00, 0x00, 0x00,
  0x00, 0x00, 0x00, 0x00, 0x00, 0x00, 0x00, 0x00, 0x00, 0x00, 0x00, 0x00,
  0x00, 0x00, 0x00, 0x00, 0x00, 0x00, 0x00, 0x00, 0x00, 0x00, 0x00, 0x00,
  0x00, 0x00, 0xa2, 0x10, 0xe0, 0x79, 0x85, 0xab, 0x81, 0xfc, 0xe3, 0xfc,
  0xe3, 0xfc, 0xa2, 0xfc, 0xa2, 0xfc, 0x82, 0xf4, 0x82, 0xfc, 0x83, 0xfc,
  0x82, 0xfc, 0x83, 0xfc, 0xa2, 0xfc, 0xa3, 0xfc, 0xa2, 0xfc, 0xa3, 0xfc,
  0xa2, 0xfc, 0xa3, 0xfc, 0xa2, 0xfc, 0xa3, 0xfc, 0xa2, 0xfc, 0xa3, 0xfc,
  0xa2, 0xfc, 0xa3, 0xfc, 0xa2, 0xfc, 0x83, 0xfc, 0x82, 0xfc, 0x83, 0xf4,
  0x82, 0xfc, 0x83, 0xfc, 0xc2, 0xfc, 0xe3, 0xfc, 0xe3, 0xfc, 0x41, 0xf4,
  0x44, 0x9b, 0x80, 0x61, 0x41, 0x00, 0x00, 0x00, 0x00, 0x00, 0x01, 0x00,
  0x00, 0x00, 0x00, 0x00, 0x00, 0x00, 0x00, 0x00, 0x00, 0x00, 0x00, 0x00,
  0x00, 0x00, 0x00, 0x00, 0x00, 0x00, 0x00, 0x00, 0x00, 0x00, 0x00, 0x00,
  0x00, 0x00, 0x00, 0x00, 0x00, 0x00, 0x00, 0x00, 0x00, 0x00, 0x00, 0x00,
  0x00, 0x00, 0x00, 0x00, 0x00, 0x00, 0x00, 0x00, 0x00, 0x00, 0x00, 0x00,
  0x00, 0x00, 0x00, 0x00, 0x00, 0x00, 0x00, 0x00, 0x00, 0x00, 0x00, 0x00,
  0x00, 0x00, 0x00, 0x00, 0x00, 0x00, 0x00, 0x00, 0x00, 0x00, 0x00, 0x00,
  0x00, 0x00, 0x00, 0x00, 0x00, 0x00, 0x00, 0x00, 0x00, 0x00, 0x00, 0x00,
  0x00, 0x00, 0x00, 0x00, 0x00, 0x00, 0x00, 0x00, 0x00, 0x00, 0x00, 0x00,
  0x00, 0x00, 0x00, 0x00, 0x00, 0x00, 0x00, 0x00, 0x00, 0x00, 0x00, 0x00,
  0x00, 0x00, 0x00, 0x00, 0x00, 0x00, 0x00, 0x00, 0x00, 0x00, 0x00, 0x00,
  0x00, 0x00, 0x00, 0x00, 0x00, 0x00, 0x00, 0x00, 0x00, 0x00, 0x00, 0x00,
  0x01, 0x00, 0x00, 0x00, 0x00, 0x08, 0x83, 0x41, 0x20, 0xc3, 0xa4, 0xf4,
  0xe2, 0xfc, 0xc2, 0xfc, 0x83, 0xfc, 0x82, 0xfc, 0x62, 0xfc, 0x82, 0xfc,
  0x82, 0xfc, 0xa2, 0xfc, 0x82, 0xfc, 0xa2, 0xfc, 0x82, 0xfc, 0xa2, 0xfc,
  0x82, 0xfc, 0xa2, 0xfc, 0x82, 0xfc, 0xa2, 0xfc, 0x82, 0xfc, 0xa2, 0xfc,
  0x82, 0xfc, 0xa2, 0xfc, 0x82, 0xfc, 0xa2, 0xfc, 0x82, 0xfc, 0xa2, 0xfc,
  0x82, 0xfc, 0xa2, 0xfc, 0x82, 0xfc, 0xa2, 0xfc, 0x82, 0xfc, 0xa2, 0xfc,
  0x82, 0xfc, 0x82, 0xfc, 0x82, 0xfc, 0xa2, 0xfc, 0xc2, 0xfc, 0xe2, 0xfc,
  0x25, 0xd4, 0x80, 0xa2, 0xe2, 0x20, 0x00, 0x00, 0x00, 0x00, 0x00, 0x00,
  0x00, 0x00, 0x00, 0x00, 0x00, 0x00, 0x00, 0x00, 0x00, 0x00, 0x00, 0x00,
  0x00, 0x00, 0x00, 0x00, 0x00, 0x00, 0x00, 0x00, 0x00, 0x00, 0x00, 0x00,
  0x00, 0x00, 0x00, 0x00, 0x00, 0x00, 0x00, 0x00, 0x00, 0x00, 0x00, 0x00,
  0x00, 0x00, 0x00, 0x00, 0x00, 0x00, 0x00, 0x00, 0x00, 0x00, 0x00, 0x00,
  0x00, 0x00, 0x00, 0x00, 0x00, 0x00, 0x00, 0x00, 0x00, 0x00, 0x00, 0x00,
  0x00, 0x00, 0x00, 0x00, 0x00, 0x00, 0x00, 0x00, 0x00, 0x00, 0x00, 0x00,
  0x00, 0x00, 0x00, 0x00, 0x00, 0x00, 0x00, 0x00, 0x00, 0x00, 0x00, 0x00,
  0x00, 0x00, 0x00, 0x00, 0x00, 0x00, 0x00, 0x00, 0x00, 0x00, 0x00, 0x00,
  0x00, 0x00, 0x00, 0x00, 0x00, 0x00, 0x00, 0x00, 0x00, 0x00, 0x00, 0x00,
  0x00, 0x00, 0x00, 0x00, 0x00, 0x00, 0x00, 0x00, 0x00, 0x00, 0x00, 0x00,
  0x00, 0x00, 0x00, 0x00, 0x00, 0x00, 0x00, 0x00, 0x20, 0x18, 0x04, 0x52,
  0xa0, 0xdb, 0xe5, 0xfc, 0xe2, 0xfc, 0x82, 0xfc, 0x82, 0xfc, 0x83, 0xfc,
  0xa2, 0xfc, 0x83, 0xfc, 0xa2, 0xfc, 0x83, 0xfc, 0xa2, 0xfc, 0x83, 0xfc,
  0xa2, 0xfc, 0x83, 0xfc, 0xa2, 0xfc, 0x83, 0xfc, 0xa2, 0xfc, 0x83, 0xfc,
  0xa2, 0xfc, 0x83, 0xfc, 0xa2, 0xfc, 0x83, 0xfc, 0xa2, 0xfc, 0x83, 0xfc,
  0xa2, 0xfc, 0x83, 0xfc, 0xa2, 0xfc, 0x83, 0xfc, 0xa2, 0xfc, 0x83, 0xfc,
  0xa2, 0xfc, 0x83, 0xfc, 0xa2, 0xfc, 0x83, 0xfc, 0xa2, 0xfc, 0x83, 0xfc,
  0xa2, 0xfc, 0x83, 0xfc, 0x82, 0xfc, 0x83, 0xf4, 0xc1, 0xfc, 0xe3, 0xfc,
  0xc5, 0xfc, 0x20, 0xc3, 0xa3, 0x41, 0x00, 0x08, 0x00, 0x00, 0x01, 0x00,
  0x00, 0x00, 0x00, 0x00, 0x00, 0x00, 0x00, 0x00, 0x00, 0x00, 0x00, 0x00,
  0x00, 0x00, 0x00, 0x00, 0x00, 0x00, 0x00, 0x00, 0x00, 0x00, 0x00, 0x00,
  0x00, 0x00, 0x00, 0x00, 0x00, 0x00, 0x00, 0x00, 0x00, 0x00, 0x00, 0x00,
  0x00, 0x00, 0x00, 0x00, 0x00, 0x00, 0x00, 0x00, 0x00, 0x00, 0x00, 0x00,
  0x00, 0x00, 0x00, 0x00, 0x00, 0x00, 0x00, 0x00, 0x00, 0x00, 0x00, 0x00,
  0x00, 0x00, 0x00, 0x00, 0x00, 0x00, 0x00, 0x00, 0x00, 0x00, 0x00, 0x00,
  0x00, 0x00, 0x00, 0x00, 0x00, 0x00, 0x00, 0x00, 0x00, 0x00, 0x00, 0x00,
  0x00, 0x00, 0x00, 0x00, 0x00, 0x00, 0x00, 0x00, 0x00, 0x00, 0x00, 0x00,
  0x00, 0x00, 0x00, 0x00, 0x00, 0x00, 0x00, 0x00, 0x00, 0x00, 0x00, 0x00,
  0x00, 0x00, 0x00, 0x00, 0x00, 0x00, 0x00, 0x00, 0x01, 0x00, 0x00, 0x00,
  0x00, 0x08, 0x04, 0x5a, 0x21, 0xf4, 0x03, 0xfd, 0xc3, 0xfc, 0x81, 0xfc,
  0x82, 0xfc, 0xa2, 0xfc, 0x82, 0xfc, 0xa2, 0xfc, 0x82, 0xfc, 0xa2, 0xfc,
  0x82, 0xfc, 0xa2, 0xfc, 0x82, 0xfc, 0xa2, 0xfc, 0x82, 0xfc, 0xa2, 0xfc,
  0x82, 0xfc, 0xa2, 0xfc, 0x82, 0xfc, 0xa2, 0xfc, 0x82, 0xfc, 0xa2, 0xfc,
  0x82, 0xfc, 0xa2, 0xfc, 0x82, 0xfc, 0xa2, 0xfc, 0x82, 0xfc, 0xa2, 0xfc,
  0x82, 0xfc, 0xa2, 0xfc, 0x82, 0xfc, 0xa2, 0xfc, 0x82, 0xfc, 0xa2, 0xfc,
  0x82, 0xfc, 0xa2, 0xfc, 0x82, 0xfc, 0xa2, 0xfc, 0x82, 0xfc, 0xa2, 0xfc,
  0x82, 0xfc, 0xa2, 0xfc, 0x83, 0xfc, 0x82, 0xfc, 0x81, 0xfc, 0xe2, 0xfc,
  0x05, 0xfd, 0x80, 0xd3, 0x03, 0x29, 0x00, 0x00, 0x00, 0x00, 0x20, 0x00,
  0x00, 0x00, 0x00, 0x00, 0x00, 0x00, 0x00, 0x00, 0x00, 0x00, 0x00, 0x00,
  0x00, 0x00, 0x00, 0x00, 0x00, 0x00, 0x00, 0x00, 0x00, 0x00, 0x00, 0x00,
  0x00, 0x00, 0x00, 0x00, 0x00, 0x00, 0x00, 0x00, 0x00, 0x00, 0x00, 0x00,
  0x00, 0x00, 0x00, 0x00, 0x00, 0x00, 0x00, 0x00, 0x00, 0x00, 0x00, 0x00,
  0x00, 0x00, 0x00, 0x00, 0x00, 0x00, 0x00, 0x00, 0x00, 0x00, 0x00, 0x00,
  0x00, 0x00, 0x00, 0x00, 0x00, 0x00, 0x00, 0x00, 0x00, 0x00, 0x00, 0x00,
  0x00, 0x00, 0x00, 0x00, 0x00, 0x00, 0x00, 0x00, 0x00, 0x00, 0x00, 0x00,
  0x00, 0x00, 0x00, 0x00, 0x00, 0x00, 0x00, 0x00, 0x00, 0x00, 0x00, 0x00,
  0x00, 0x00, 0x00, 0x00, 0x00, 0x00, 0x00, 0x00, 0x00, 0x00, 0x00, 0x00,
  0x21, 0x00, 0x00, 0x00, 0x00, 0x00, 0x84, 0x39, 0xc0, 0xdb, 0xe5, 0xfc,
  0xc2, 0xfc, 0x82, 0xfc, 0xa2, 0xfc, 0xa3, 0xfc, 0xa2, 0xfc, 0xa3, 0xfc,
  0xa2, 0xfc, 0xa3, 0xfc, 0xa2, 0xfc, 0xa3, 0xfc, 0xa2, 0xfc, 0xa3, 0xfc,
  0xa2, 0xfc, 0xa3, 0xfc, 0xa2, 0xfc, 0xa3, 0xfc, 0xa2, 0xfc, 0xa3, 0xfc,
  0xa2, 0xfc, 0xa3, 0xfc, 0xa2, 0xfc, 0xa3, 0xfc, 0xa2, 0xfc, 0xa3, 0xfc,
  0xa2, 0xfc, 0xa3, 0xfc, 0xa2, 0xfc, 0xa3, 0xfc, 0xa2, 0xfc, 0xa3, 0xfc,
  0xa2, 0xfc, 0xa3, 0xfc, 0xa2, 0xfc, 0xa3, 0xfc, 0xa2, 0xfc, 0xa3, 0xfc,
  0xa2, 0xfc, 0xa3, 0xfc, 0xa2, 0xfc, 0xa3, 0xfc, 0xa2, 0xfc, 0xa3, 0xfc,
  0xa2, 0xfc, 0xa3, 0xfc, 0xa2, 0xfc, 0x83, 0xf4, 0x81, 0xfc, 0xc3, 0xfc,
  0xe5, 0xfc, 0x20, 0xc3, 0x02, 0x21, 0x00, 0x00, 0x00, 0x00, 0x01, 0x00,
  0x00, 0x00, 0x00, 0x00, 0x00, 0x00, 0x00, 0x00, 0x00, 0x00, 0x00, 0x00,
  0x00, 0x00, 0x00, 0x00, 0x00, 0x00, 0x00, 0x00, 0x00, 0x00, 0x00, 0x00,
  0x00, 0x00, 0x00, 0x00, 0x00, 0x00, 0x00, 0x00, 0x00, 0x00, 0x00, 0x00,
  0x00, 0x00, 0x00, 0x00, 0x00, 0x00, 0x00, 0x00, 0x00, 0x00, 0x00, 0x00,
  0x00, 0x00, 0x00, 0x00, 0x00, 0x00, 0x00, 0x00, 0x00, 0x00, 0x00, 0x00,
  0x00, 0x00, 0x00, 0x00, 0x00, 0x00, 0x00, 0x00, 0x00, 0x00, 0x00, 0x00,
  0x00, 0x00, 0x00, 0x00, 0x00, 0x00, 0x00, 0x00, 0x00, 0x00, 0x00, 0x00,
  0x00, 0x00, 0x00, 0x00, 0x00, 0x00, 0x00, 0x00, 0x00, 0x00, 0x00, 0x00,
  0x00, 0x00, 0x00, 0x00, 0x00, 0x00, 0x00, 0x00, 0x00, 0x00, 0x81, 0x10,
  0xe0, 0xba, 0x06, 0xfd, 0xc2, 0xfc, 0x81, 0xfc, 0x83, 0xfc, 0xa2, 0xfc,
  0x82, 0xfc, 0xa2, 0xfc, 0x82, 0xfc, 0xa2, 0xfc, 0x82, 0xfc, 0xa2, 0xfc,
  0x82, 0xfc, 0xa2, 0xfc, 0x82, 0xfc, 0xa2, 0xfc, 0x82, 0xfc, 0xa2, 0xfc,
  0x82, 0xfc, 0xa2, 0xfc, 0x82, 0xfc, 0xa2, 0xfc, 0x82, 0xfc, 0xa2, 0xfc,
  0x82, 0xfc, 0xa2, 0xfc, 0x82, 0xfc, 0xa2, 0xfc, 0x82, 0xfc, 0xa2, 0xfc,
  0x82, 0xfc, 0xa2, 0xfc, 0x82, 0xfc, 0xa2, 0xfc, 0x82, 0xfc, 0xa2, 0xfc,
  0x82, 0xfc, 0xa2, 0xfc, 0x82, 0xfc, 0xa2, 0xfc, 0x82, 0xfc, 0xa2, 0xfc,
  0x82, 0xfc, 0xa2, 0xfc, 0x82, 0xfc, 0xa2, 0xfc, 0x82, 0xfc, 0xa2, 0xfc,
  0x82, 0xfc, 0xa2, 0xfc, 0x83, 0xfc, 0x82, 0xfc, 0x81, 0xfc, 0xe2, 0xfc,
  0xa7, 0xec, 0x80, 0xa2, 0x01, 0x00, 0x00, 0x00, 0x00, 0x00, 0x00, 0x00,
  0x00, 0x00, 0x00, 0x00, 0x00, 0x00, 0x00, 0x00, 0x00, 0x00, 0x00, 0x00,
  0x00, 0x00, 0x00, 0x00, 0x00, 0x00, 0x00, 0x00, 0x00, 0x00, 0x00, 0x00,
  0x00, 0x00, 0x00, 0x00, 0x00, 0x00, 0x00, 0x00, 0x00, 0x00, 0x00, 0x00,
  0x00, 0x00, 0x00, 0x00, 0x00, 0x00, 0x00, 0x00, 0x00, 0x00, 0x00, 0x00,
  0x00, 0x00, 0x00, 0x00, 0x00, 0x00, 0x00, 0x00, 0x00, 0x00, 0x00, 0x00,
  0x00, 0x00, 0x00, 0x00, 0x00, 0x00, 0x00, 0x00, 0x00, 0x00, 0x00, 0x00,
  0x00, 0x00, 0x00, 0x00, 0x00, 0x00, 0x00, 0x00, 0x00, 0x00, 0x00, 0x00,
  0x00, 0x00, 0x00, 0x00, 0x00, 0x00, 0x00, 0x00, 0x00, 0x00, 0x00, 0x00,
  0x00, 0x00, 0x00, 0x00, 0xc0, 0x81, 0xa8, 0xdc, 0xe2, 0xfc, 0x81, 0xfc,
  0xa2, 0xfc, 0xa3, 0xfc, 0xa2, 0xfc, 0x83, 0xfc, 0xa2, 0xfc, 0xa3, 0xfc,
  0xa2, 0xfc, 0xa3, 0xfc, 0xa2, 0xfc, 0xa3, 0xfc, 0xa2, 0xfc, 0xa3, 0xfc,
  0xa2, 0xfc, 0xa3, 0xfc, 0xa2, 0xfc, 0xa3, 0xfc, 0xa2, 0xfc, 0xa3, 0xfc,
  0xa2, 0xfc, 0xa3, 0xfc, 0xa2, 0xfc, 0xa3, 0xfc, 0xa2, 0xfc, 0xa3, 0xfc,
  0xa2, 0xfc, 0xa3, 0xfc, 0xa2, 0xfc, 0xa3, 0xfc, 0xa2, 0xfc, 0xa3, 0xfc,
  0xa2, 0xfc, 0xa3, 0xfc, 0xa2, 0xfc, 0xa3, 0xfc, 0xa2, 0xfc, 0xa3, 0xfc,
  0xa2, 0xfc, 0xa3, 0xfc, 0xa2, 0xfc, 0xa3, 0xfc, 0xa2, 0xfc, 0xa3, 0xfc,
  0xa2, 0xfc, 0xa3, 0xfc, 0xa2, 0xfc, 0xa3, 0xfc, 0xa2, 0xfc, 0xa3, 0xfc,
  0xa2, 0xfc, 0x83, 0xfc, 0xa3, 0xfc, 0x83, 0xf4, 0xa1, 0xfc, 0xe3, 0xfc,
  0x47, 0xc4, 0x00, 0x59, 0x00, 0x00, 0x01, 0x00, 0x00, 0x00, 0x00, 0x00,
  0x00, 0x00, 0x00, 0x00, 0x00, 0x00, 0x00, 0x00, 0x00, 0x00, 0x00, 0x00,
  0x00, 0x00, 0x00, 0x00, 0x00, 0x00, 0x00, 0x00, 0x00, 0x00, 0x00, 0x00,
  0x00, 0x00, 0x00, 0x00, 0x00, 0x00, 0x00, 0x00, 0x00, 0x00, 0x00, 0x00,
  0x00, 0x00, 0x00, 0x00, 0x00, 0x00, 0x00, 0x00, 0x00, 0x00, 0x00, 0x00,
  0x00, 0x00, 0x00, 0x00, 0x00, 0x00, 0x00, 0x00, 0x00, 0x00, 0x00, 0x00,
  0x00, 0x00, 0x00, 0x00, 0x00, 0x00, 0x00, 0x00, 0x00, 0x00, 0x00, 0x00,
  0x00, 0x00, 0x00, 0x00, 0x00, 0x00, 0x00, 0x00, 0x00, 0x00, 0x00, 0x00,
  0x00, 0x00, 0x00, 0x00, 0x21, 0x00, 0x00, 0x00, 0x00, 0x28, 0x66, 0x9b,
  0xe3, 0xfc, 0xa1, 0xfc, 0x82, 0xfc, 0xa2, 0xfc, 0x82, 0xfc, 0xa2, 0xfc,
  0x82, 0xfc, 0xa2, 0xfc, 0x82, 0xfc, 0xa2, 0xfc, 0x82, 0xfc, 0xa2, 0xfc,
  0x82, 0xfc, 0xa2, 0xfc, 0x82, 0xfc, 0xa2, 0xfc, 0x82, 0xfc, 0xa2, 0xfc,
  0x82, 0xfc, 0xa2, 0xfc, 0x82, 0xfc, 0xa2, 0xfc, 0x82, 0xfc, 0xa2, 0xfc,
  0x82, 0xfc, 0xa2, 0xfc, 0x82, 0xfc, 0xa2, 0xfc, 0x82, 0xfc, 0xa2, 0xfc,
  0x82, 0xfc, 0xa2, 0xfc, 0x82, 0xfc, 0xa2, 0xfc, 0x82, 0xfc, 0xa2, 0xfc,
  0x82, 0xfc, 0xa2, 0xfc, 0x82, 0xfc, 0xa2, 0xfc, 0x82, 0xfc, 0xa2, 0xfc,
  0x82, 0xfc, 0xa2, 0xfc, 0x82, 0xfc, 0xa2, 0xfc, 0x82, 0xfc, 0xa2, 0xfc,
  0x82, 0xfc, 0xa2, 0xfc, 0x82, 0xfc, 0xa2, 0xfc, 0x82, 0xfc, 0xa2, 0xfc,
  0x82, 0xfc, 0xa2, 0xfc, 0x82, 0xfc, 0x82, 0xfc, 0xa2, 0xfc, 0xc2, 0xfc,
  0xc6, 0x7a, 0x00, 0x18, 0x00, 0x00, 0x21, 0x00, 0x00, 0x00, 0x00, 0x00,
  0x00, 0x00, 0x00, 0x00, 0x00, 0x00, 0x00, 0x00, 0x00, 0x00, 0x00, 0x00,
  0x00, 0x00, 0x00, 0x00, 0x00, 0x00, 0x00, 0x00, 0x00, 0x00, 0x00, 0x00,
  0x00, 0x00, 0x00, 0x00, 0x00, 0x00, 0x00, 0x00, 0x00, 0x00, 0x00, 0x00,
  0x00, 0x00, 0x00, 0x00, 0x00, 0x00, 0x00, 0x00, 0x00, 0x00, 0x00, 0x00,
  0x00, 0x00, 0x00, 0x00, 0x00, 0x00, 0x00, 0x00, 0x00, 0x00, 0x00, 0x00,
  0x00, 0x00, 0x00, 0x00, 0x00, 0x00, 0x00, 0x00, 0x00, 0x00, 0x00, 0x00,
  0x00, 0x00, 0x00, 0x00, 0x00, 0x00, 0x00, 0x00, 0x00, 0x00, 0x01, 0x00,
  0x00, 0x00, 0x23, 0x29, 0x21, 0xec, 0xe5, 0xfc, 0x81, 0xfc, 0x82, 0xfc,
  0xa2, 0xfc, 0x83, 0xfc, 0xa2, 0xfc, 0xa3, 0xfc, 0xa2, 0xfc, 0xa3, 0xfc,
  0xa2, 0xfc, 0xa3, 0xfc, 0xa2, 0xfc, 0xa3, 0xfc, 0xa2, 0xfc, 0xa3, 0xfc,
  0xa2, 0xfc, 0xa3, 0xfc, 0xa2, 0xfc, 0xa3, 0xfc, 0xa2, 0xfc, 0xa3, 0xfc,
  0xa2, 0xfc, 0xa3, 0xfc, 0xa2, 0xfc, 0xa3, 0xfc, 0xa2, 0xfc, 0xa3, 0xfc,
  0xa2, 0xfc, 0x83, 0xfc, 0xa3, 0xfc, 0x83, 0xfc, 0xa2, 0xfc, 0x83, 0xfc,
  0xa2, 0xfc, 0xa3, 0xfc, 0xa2, 0xfc, 0xa3, 0xfc, 0xa2, 0xfc, 0xa3, 0xfc,
  0xa2, 0xfc, 0xa3, 0xfc, 0xa2, 0xfc, 0xa3, 0xfc, 0xa2, 0xfc, 0xa3, 0xfc,
  0xa2, 0xfc, 0xa3, 0xfc, 0xa2, 0xfc, 0xa3, 0xfc, 0xa2, 0xfc, 0xa3, 0xfc,
  0xa2, 0xfc, 0xa3, 0xfc, 0xa2, 0xfc, 0xa3, 0xfc, 0xa2, 0xfc, 0xa3, 0xfc,
  0xa2, 0xfc, 0x83, 0xfc, 0x81, 0xfc, 0x82, 0xfc, 0x26, 0xfd, 0x60, 0xcb,
  0x81, 0x10, 0x00, 0x00, 0x20, 0x00, 0x00, 0x00, 0x00, 0x00, 0x00, 0x00,
  0x00, 0x00, 0x00, 0x00, 0x00, 0x00, 0x00, 0x00, 0x00, 0x00, 0x00, 0x00,
  0x00, 0x00, 0x00, 0x00, 0x00, 0x00, 0x00, 0x00, 0x00, 0x00, 0x00, 0x00,
  0x00, 0x00, 0x00, 0x00, 0x00, 0x00, 0x00, 0x00, 0x00, 0x00, 0x00, 0x00,
  0x00, 0x00, 0x00, 0x00, 0x00, 0x00, 0x00, 0x00, 0x00, 0x00, 0x00, 0x00,
  0x00, 0x00, 0x00, 0x00, 0x00, 0x00, 0x00, 0x00, 0x00, 0x00, 0x00, 0x00,
  0x00, 0x00, 0x00, 0x00, 0x00, 0x00, 0x00, 0x00, 0x00, 0x00, 0x00, 0x00,
  0x00, 0x00, 0x00, 0x00, 0x01, 0x00, 0x00, 0x00, 0x00, 0x8a, 0xe8, 0xec,
  0xa2, 0xfc, 0x60, 0xfc, 0x83, 0xfc, 0xa2, 0xfc, 0x82, 0xfc, 0xa2, 0xfc,
  0x82, 0xfc, 0xa2, 0xfc, 0x82, 0xfc, 0xa2, 0xfc, 0x82, 0xfc, 0xa2, 0xfc,
  0x82, 0xfc, 0xa2, 0xfc, 0x82, 0xfc, 0xa2, 0xfc, 0x82, 0xfc, 0xa2, 0xfc,
  0x82, 0xfc, 0xa2, 0xfc, 0x82, 0xfc, 0xa2, 0xfc, 0x82, 0xfc, 0xa2, 0xfc,
  0x82, 0xfc, 0xa2, 0xfc, 0x82, 0xfc, 0xa2, 0xfc, 0x82, 0xfc, 0x81, 0xfc,
  0x40, 0xfc, 0x60, 0xfc, 0x82, 0xfc, 0xa2, 0xfc, 0x83, 0xfc, 0xa2, 0xfc,
  0x82, 0xfc, 0xa2, 0xfc, 0x82, 0xfc, 0xa2, 0xfc, 0x82, 0xfc, 0xa2, 0xfc,
  0x82, 0xfc, 0xa2, 0xfc, 0x82, 0xfc, 0xa2, 0xfc, 0x82, 0xfc, 0xa2, 0xfc,
  0x82, 0xfc, 0xa2, 0xfc, 0x82, 0xfc, 0xa2, 0xfc, 0x82, 0xfc, 0xa2, 0xfc,
  0x82, 0xfc, 0xa2, 0xfc, 0x82, 0xfc, 0xa2, 0xfc, 0x82, 0xfc, 0xa2, 0xfc,
  0x83, 0xfc, 0xa2, 0xfc, 0x60, 0xfc, 0xc1, 0xfc, 0xa9, 0xdc, 0x20, 0x69,
  0x00, 0x00, 0x21, 0x00, 0x00, 0x00, 0x00, 0x00, 0x00, 0x00, 0x00, 0x00,
  0x00, 0x00, 0x00, 0x00, 0x00, 0x00, 0x00, 0x00, 0x00, 0x00, 0x00, 0x00,
  0x00, 0x00, 0x00, 0x00, 0x00, 0x00, 0x00, 0x00, 0x00, 0x00, 0x00, 0x00,
  0x00, 0x00, 0x00, 0x00, 0x00, 0x00, 0x00, 0x00, 0x00, 0x00, 0x00, 0x00,
  0x00, 0x00, 0x00, 0x00, 0x00, 0x00, 0x00, 0x00, 0x00, 0x00, 0x00, 0x00,
  0x00, 0x00, 0x00, 0x00, 0x00, 0x00, 0x00, 0x00, 0x00, 0x00, 0x00, 0x00,
  0x00, 0x00, 0x00, 0x00, 0x00, 0x00, 0x00, 0x00, 0x21, 0x00, 0x01, 0x00,
  0x00, 0x18, 0xc6, 0x7a, 0x03, 0xfd, 0x82, 0xfc, 0x82, 0xfc, 0x83, 0xfc,
  0xa2, 0xfc, 0xa3, 0xfc, 0xa2, 0xfc, 0xa3, 0xfc, 0xa2, 0xfc, 0xa3, 0xfc,
  0xa2, 0xfc, 0xa3, 0xfc, 0xa2, 0xfc, 0xa3, 0xfc, 0xa2, 0xfc, 0xa3, 0xfc,
  0xa2, 0xfc, 0xa3, 0xfc, 0xa2, 0xfc, 0xa3, 0xfc, 0xa2, 0xfc, 0xa3, 0xfc,
  0xa2, 0xfc, 0xa3, 0xfc, 0xa2, 0xfc, 0xa3, 0xfc, 0xa2, 0xfc, 0x83, 0xfc,
  0xa1, 0xfc, 0xa2, 0xfc, 0xa5, 0xec, 0xaa, 0xfd, 0x4f, 0xfe, 0x6c, 0xed,
  0xc3, 0xfc, 0x62, 0xfc, 0x60, 0xfc, 0x61, 0xfc, 0xa2, 0xfc, 0xa3, 0xfc,
  0xa2, 0xfc, 0xa3, 0xfc, 0xa2, 0xfc, 0xa3, 0xfc, 0xa2, 0xfc, 0xa3, 0xfc,
  0xa2, 0xfc, 0xa3, 0xfc, 0xa2, 0xfc, 0xa3, 0xfc, 0xa2, 0xfc, 0xa3, 0xfc,
  0xa2, 0xfc, 0xa3, 0xfc, 0xa2, 0xfc, 0xa3, 0xfc, 0xa2, 0xfc, 0xa3, 0xfc,
  0xa2, 0xfc, 0xa3, 0xfc, 0xa2, 0xfc, 0xa3, 0xfc, 0xa2, 0xfc, 0xa3, 0xfc,
  0xa2, 0xfc, 0x82, 0xfc, 0xc2, 0xfc, 0xa3, 0xfc, 0xe4, 0x51, 0x00, 0x00,
  0x20, 0x00, 0x01, 0x00, 0x00, 0x00, 0x00, 0x00, 0x00, 0x00, 0x00, 0x00,
  0x00, 0x00, 0x00, 0x00, 0x00, 0x00, 0x00, 0x00, 0x00, 0x00, 0x00, 0x00,
  0x00, 0x00, 0x00, 0x00, 0x00, 0x00, 0x00, 0x00, 0x00, 0x00, 0x00, 0x00,
  0x00, 0x00, 0x00, 0x00, 0x00, 0x00, 0x00, 0x00, 0x00, 0x00, 0x00, 0x00,
  0x00, 0x00, 0x00, 0x00, 0x00, 0x00, 0x00, 0x00, 0x00, 0x00, 0x00, 0x00,
  0x00, 0x00, 0x00, 0x00, 0x00, 0x00, 0x00, 0x00, 0x00, 0x00, 0x00, 0x00,
  0x00, 0x00, 0x00, 0x00, 0x00, 0x00, 0x00, 0x00, 0x40, 0xc3, 0x26, 0xfd,
  0x61, 0xfc, 0x81, 0xfc, 0x83, 0xfc, 0xa2, 0xfc, 0x82, 0xfc, 0xa2, 0xfc,
  0x82, 0xfc, 0xa2, 0xfc, 0x82, 0xfc, 0xa2, 0xfc, 0x82, 0xfc, 0xa2, 0xfc,
  0x82, 0xfc, 0xa2, 0xfc, 0x82, 0xfc, 0xa2, 0xfc, 0x82, 0xfc, 0xa2, 0xfc,
  0x82, 0xfc, 0xa2, 0xfc, 0x82, 0xfc, 0xa2, 0xfc, 0x82, 0xfc, 0xa2, 0xfc,
  0x82, 0xfc, 0xa2, 0xfc, 0x83, 0xfc, 0xa2, 0xfc, 0x81, 0xfc, 0x81, 0xfc,
  0xa9, 0xd4, 0x12, 0xff, 0xff, 0xff, 0xff, 0xff, 0x9b, 0xff, 0x18, 0xff,
  0xed, 0xfd, 0x49, 0xf5, 0x82, 0xfc, 0xa2, 0xfc, 0x82, 0xfc, 0xa2, 0xfc,
  0x82, 0xfc, 0xa2, 0xfc, 0xa3, 0xfc, 0xa2, 0xfc, 0x82, 0xfc, 0xa2, 0xfc,
  0x82, 0xfc, 0xa2, 0xfc, 0x82, 0xfc, 0xa2, 0xfc, 0x82, 0xfc, 0xa2, 0xfc,
  0x82, 0xfc, 0xa2, 0xfc, 0x82, 0xfc, 0xa2, 0xfc, 0x82, 0xfc, 0xa2, 0xfc,
  0x82, 0xfc, 0xa2, 0xfc, 0x82, 0xfc, 0xa2, 0xfc, 0x83, 0xfc, 0xa2, 0xfc,
  0x61, 0xfc, 0x81, 0xfc, 0x28, 0xf5, 0x40, 0x9a, 0x00, 0x00, 0x00, 0x00,
  0x00, 0x00, 0x00, 0x00, 0x00, 0x00, 0x00, 0x00, 0x00, 0x00, 0x00, 0x00,
  0x00, 0x00, 0x00, 0x00, 0x00, 0x00, 0x00, 0x00, 0x00, 0x00, 0x00, 0x00,
  0x00, 0x00, 0x00, 0x00, 0x00, 0x00, 0x00, 0x00, 0x00, 0x00, 0x00, 0x00,
  0x00, 0x00, 0x00, 0x00, 0x00, 0x00, 0x00, 0x00, 0x00, 0x00, 0x00, 0x00,
  0x00, 0x00, 0x00, 0x00, 0x00, 0x00, 0x00, 0x00, 0x00, 0x00, 0x00, 0x00,
  0x00, 0x00, 0x00, 0x00, 0x00, 0x00, 0x00, 0x00, 0x21, 0x00, 0x01, 0x00,
  0x00, 0x20, 0xa8, 0x9b, 0x02, 0xfd, 0x61, 0xfc, 0xa2, 0xfc, 0xa3, 0xfc,
  0xa2, 0xfc, 0xa3, 0xfc, 0xa2, 0xfc, 0xa3, 0xfc, 0xa2, 0xfc, 0xa3, 0xfc,
  0xa2, 0xfc, 0xa3, 0xfc, 0xa2, 0xfc, 0xa3, 0xfc, 0xa2, 0xfc, 0xa3, 0xfc,
  0xa2, 0xfc, 0xa3, 0xfc, 0xa2, 0xfc, 0xa3, 0xfc, 0xa2, 0xfc, 0xa3, 0xfc,
  0xa2, 0xfc, 0xa3, 0xfc, 0xa2, 0xfc, 0xa3, 0xfc, 0xa2, 0xfc, 0xa3, 0xfc,
  0xa2, 0xfc, 0x83, 0xfc, 0xa1, 0xfc, 0x81, 0xfc, 0x2c, 0xdd, 0x96, 0xff,
  0xff, 0xff, 0xff, 0xf7, 0xff, 0xff, 0xff, 0xff, 0xff, 0xff, 0x9d, 0xf7,
  0xa2, 0xfc, 0xa3, 0xfc, 0xa2, 0xfc, 0xa3, 0xfc, 0xa2, 0xfc, 0x82, 0xfc,
  0x60, 0xfc, 0x61, 0xfc, 0xa2, 0xfc, 0xa3, 0xfc, 0xa2, 0xfc, 0x83, 0xfc,
  0xa2, 0xfc, 0xa3, 0xfc, 0xa2, 0xfc, 0xa3, 0xfc, 0xa2, 0xfc, 0xa3, 0xfc,
  0xa2, 0xfc, 0xa3, 0xfc, 0xa2, 0xfc, 0xa3, 0xfc, 0xa2, 0xfc, 0xa3, 0xfc,
  0xa2, 0xfc, 0xa3, 0xfc, 0xa2, 0xfc, 0xa3, 0xfc, 0xa2, 0xfc, 0x83, 0xfc,
  0x81, 0xfc, 0xe3, 0xfc, 0x85, 0x6a, 0x00, 0x08, 0x21, 0x00, 0x01, 0x00,
  0x00, 0x00, 0x00, 0x00, 0x00, 0x00, 0x00, 0x00, 0x00, 0x00, 0x00, 0x00,
  0x00, 0x00, 0x00, 0x00, 0x00, 0x00, 0x00, 0x00, 0x00, 0x00, 0x00, 0x00,
  0x00, 0x00, 0x00, 0x00, 0x00, 0x00, 0x00, 0x00, 0x00, 0x00, 0x00, 0x00,
  0x00, 0x00, 0x00, 0x00, 0x00, 0x00, 0x00, 0x00, 0x00, 0x00, 0x00, 0x00,
  0x00, 0x00, 0x00, 0x00, 0x00, 0x00, 0x00, 0x00, 0x00, 0x00, 0x00, 0x00,
  0x00, 0x00, 0x00, 0x00, 0x00, 0x00, 0x00, 0x00, 0x40, 0xc3, 0x06, 0xfd,
  0x61, 0xfc, 0xa1, 0xfc, 0x83, 0xfc, 0xa2, 0xfc, 0x82, 0xfc, 0xa2, 0xfc,
  0x82, 0xfc, 0xa2, 0xfc, 0x82, 0xfc, 0xa2, 0xfc, 0x82, 0xfc, 0xa2, 0xfc,
  0x82, 0xfc, 0xa2, 0xfc, 0x82, 0xfc, 0xa2, 0xfc, 0x82, 0xfc, 0xa2, 0xfc,
  0x82, 0xfc, 0xa2, 0xfc, 0x82, 0xfc, 0xa2, 0xfc, 0x82, 0xfc, 0xa2, 0xfc,
  0x82, 0xfc, 0xa2, 0xfc, 0x82, 0xfc, 0xa2, 0xfc, 0x83, 0xfc, 0xa2, 0xfc,
  0x81, 0xfc, 0x60, 0xfc, 0xd1, 0xdd, 0xf9, 0xff, 0xff, 0xff, 0xff, 0xff,
  0xff, 0xff, 0xff, 0xff, 0xfc, 0xff, 0xd7, 0xf6, 0x61, 0xfc, 0xa2, 0xfc,
  0x81, 0xfc, 0x81, 0xfc, 0xc8, 0xdc, 0x8f, 0xfe, 0x50, 0xfe, 0x8c, 0xed,
  0x82, 0xfc, 0x60, 0xfc, 0x41, 0xfc, 0x81, 0xfc, 0x82, 0xfc, 0xa2, 0xfc,
  0x82, 0xfc, 0xa2, 0xfc, 0x82, 0xfc, 0xa2, 0xfc, 0x82, 0xfc, 0xa2, 0xfc,
  0x82, 0xfc, 0xa2, 0xfc, 0x82, 0xfc, 0xa2, 0xfc, 0x82, 0xfc, 0xa2, 0xfc,
  0x82, 0xfc, 0xa2, 0xfc, 0x83, 0xfc, 0xa2, 0xfc, 0x81, 0xfc, 0x81, 0xfc,
  0x28, 0xf5, 0x40, 0x9a, 0x00, 0x00, 0x00, 0x00, 0x00, 0x00, 0x00, 0x00,
  0x00, 0x00, 0x00, 0x00, 0x00, 0x00, 0x00, 0x00, 0x00, 0x00, 0x00, 0x00,
  0x00, 0x00, 0x00, 0x00, 0x00, 0x00, 0x00, 0x00, 0x00, 0x00, 0x00, 0x00,
  0x00, 0x00, 0x00, 0x00, 0x00, 0x00, 0x00, 0x00, 0x00, 0x00, 0x00, 0x00,
  0x00, 0x00, 0x00, 0x00, 0x00, 0x00, 0x00, 0x00, 0x00, 0x00, 0x00, 0x00,
  0x00, 0x00, 0x00, 0x00, 0x00, 0x00, 0x00, 0x00, 0x21, 0x00, 0x01, 0x00,
  0x00, 0x20, 0x88, 0x9b, 0x02, 0xfd, 0x61, 0xfc, 0xa2, 0xfc, 0x83, 0xfc,
  0xa2, 0xfc, 0xa3, 0xfc, 0xa2, 0xfc, 0xa3, 0xfc, 0xa2, 0xfc, 0xa3, 0xfc,
  0xa2, 0xfc, 0xa3, 0xfc, 0xa2, 0xfc, 0xa3, 0xfc, 0xa2, 0xfc, 0xa3, 0xfc,
  0xa2, 0xfc, 0xa3, 0xfc, 0xa2, 0xfc, 0xa3, 0xfc, 0xa2, 0xfc, 0xa3, 0xfc,
  0xa2, 0xfc, 0xa3, 0xfc, 0xa2, 0xfc, 0xa3, 0xfc, 0xa2, 0xfc, 0xa3, 0xfc,
  0xa2, 0xfc, 0xa3, 0xfc, 0xa2, 0xfc, 0x83, 0xfc, 0xa2, 0xfc, 0x61, 0xfc,
  0xb6, 0xee, 0xfc, 0xff, 0xff, 0xff, 0xff, 0xff, 0xff, 0xff, 0xff, 0xf7,
  0xfa, 0xff, 0xf2, 0xdd, 0x81, 0xfc, 0xa2, 0xfc, 0xa1, 0xfc, 0x61, 0xfc,
  0x4e, 0xdd, 0xd8, 0xff, 0xff, 0xff, 0xff, 0xf7, 0x99, 0xff, 0xd7, 0xf6,
  0xcb, 0xfd, 0x08, 0xf5, 0xa2, 0xfc, 0x83, 0xfc, 0xa2, 0xfc, 0x83, 0xfc,
  0xa2, 0xfc, 0xa3, 0xfc, 0xa2, 0xfc, 0xa3, 0xfc, 0xa2, 0xfc, 0xa3, 0xfc,
  0xa2, 0xfc, 0xa3, 0xfc, 0xa2, 0xfc, 0xa3, 0xfc, 0xa2, 0xfc, 0xa3, 0xfc,
  0xa2, 0xfc, 0xa3, 0xfc, 0xa2, 0xfc, 0x83, 0xfc, 0x81, 0xfc, 0xe3, 0xfc,
  0x85, 0x6a, 0x00, 0x08, 0x21, 0x00, 0x01, 0x00, 0x00, 0x00, 0x00, 0x00,
  0x00, 0x00, 0x00, 0x00, 0x00, 0x00, 0x00, 0x00, 0x00, 0x00, 0x00, 0x00,
  0x00, 0x00, 0x00, 0x00, 0x00, 0x00, 0x00, 0x00, 0x00, 0x00, 0x00, 0x00,
  0x00, 0x00, 0x00, 0x00, 0x00, 0x00, 0x00, 0x00, 0x00, 0x00, 0x00, 0x00,
  0x00, 0x00, 0x00, 0x00, 0x00, 0x00, 0x00, 0x00, 0x00, 0x00, 0x00, 0x00,
  0x00, 0x00, 0x00, 0x00, 0x01, 0x00, 0x00, 0x00, 0x80, 0xa2, 0x28, 0xfd,
  0x61, 0xfc, 0xa1, 0xfc, 0x83, 0xfc, 0xa2, 0xfc, 0x82, 0xfc, 0xa2, 0xfc,
  0x82, 0xfc, 0xa2, 0xfc, 0x82, 0xfc, 0xa2, 0xfc, 0x82, 0xfc, 0xa2, 0xfc,
  0x82, 0xfc, 0xa2, 0xfc, 0x82, 0xfc, 0xa2, 0xfc, 0x82, 0xfc, 0xa2, 0xfc,
  0x83, 0xfc, 0xa2, 0xfc, 0x83, 0xfc, 0xa2, 0xfc, 0x82, 0xfc, 0xa2, 0xfc,
  0x82, 0xfc, 0xa2, 0xfc, 0x82, 0xfc, 0xa2, 0xfc, 0x82, 0xfc, 0xa2, 0xfc,
  0x82, 0xfc, 0xa2, 0xfc, 0x83, 0xfc, 0x82, 0xfc, 0x5b, 0xff, 0xfd, 0xff,
  0xff, 0xff, 0xff, 0xff, 0xff, 0xf7, 0xff, 0xff, 0x97, 0xff, 0x2c, 0xdd,
  0x61, 0xfc, 0x81, 0xfc, 0x82, 0xfc, 0x60, 0xfc, 0xf2, 0xe5, 0xfa, 0xff,
  0xff, 0xff, 0xff, 0xff, 0xff, 0xff, 0xff, 0xff, 0xff, 0xff, 0x5a, 0xf7,
  0x82, 0xfc, 0xa2, 0xfc, 0x82, 0xfc, 0xa2, 0xfc, 0x83, 0xfc, 0xa2, 0xfc,
  0x82, 0xfc, 0xa2, 0xfc, 0x82, 0xfc, 0xa2, 0xfc, 0x82, 0xfc, 0xa2, 0xfc,
  0x82, 0xfc, 0xa2, 0xfc, 0x82, 0xfc, 0xa2, 0xfc, 0x82, 0xfc, 0xa2, 0xfc,
  0x83, 0xfc, 0xa2, 0xfc, 0x81, 0xfc, 0x81, 0xfc, 0x29, 0xf5, 0xe0, 0x89,
  0x00, 0x00, 0x20, 0x00, 0x00, 0x00, 0x00, 0x00, 0x00, 0x00, 0x00, 0x00,
  0x00, 0x00, 0x00, 0x00, 0x00, 0x00, 0x00, 0x00, 0x00, 0x00, 0x00, 0x00,
  0x00, 0x00, 0x00, 0x00, 0x00, 0x00, 0x00, 0x00, 0x00, 0x00, 0x00, 0x00,
  0x00, 0x00, 0x00, 0x00, 0x00, 0x00, 0x00, 0x00, 0x00, 0x00, 0x00, 0x00,
  0x00, 0x00, 0x00, 0x00, 0x00, 0x00, 0x00, 0x00, 0x00, 0x00, 0x01, 0x00,
  0x00, 0x08, 0x66, 0x62, 0x03, 0xfd, 0x82, 0xfc, 0xa2, 0xfc, 0x83, 0xfc,
  0xa2, 0xfc, 0xa3, 0xfc, 0xa2, 0xfc, 0x83, 0xfc, 0xa2, 0xfc, 0x83, 0xfc,
  0xa2, 0xfc, 0x83, 0xfc, 0xa2, 0xfc, 0x83, 0xfc, 0xa2, 0xfc, 0x83, 0xfc,
  0xa2, 0xfc, 0x83, 0xfc, 0xa2, 0xfc, 0xa3, 0xfc, 0xa2, 0xfc, 0x82, 0xfc,
  0xa2, 0xfc, 0xa3, 0xfc, 0xa2, 0xfc, 0x83, 0xfc, 0xa2, 0xfc, 0x83, 0xfc,
  0xa2, 0xfc, 0x83, 0xfc, 0xa2, 0xfc, 0xa3, 0xfc, 0xa2, 0xfc, 0x82, 0xfc,
  0xa3, 0xf4, 0xe5, 0xfc, 0xfe, 0xff, 0xff, 0xff, 0xff, 0xff, 0xff, 0xff,
  0xff, 0xff, 0xff, 0xff, 0x12, 0xff, 0xc9, 0xd4, 0xa1, 0xfc, 0x82, 0xfc,
  0xa2, 0xfc, 0x62, 0xf4, 0xd7, 0xee, 0xfd, 0xff, 0xff, 0xff, 0xff, 0xff,
  0xff, 0xff, 0xff, 0xf7, 0xfc, 0xff, 0xb7, 0xee, 0x61, 0xfc, 0x82, 0xfc,
  0xa2, 0xfc, 0xa3, 0xfc, 0xa2, 0xfc, 0xa3, 0xfc, 0xa2, 0xfc, 0x83, 0xfc,
  0xa2, 0xfc, 0x83, 0xfc, 0xa2, 0xfc, 0x83, 0xfc, 0xa2, 0xfc, 0x83, 0xfc,
  0xa2, 0xfc, 0x83, 0xfc, 0xa2, 0xfc, 0x83, 0xfc, 0xa2, 0xfc, 0xa3, 0xfc,
  0xa2, 0xfc, 0x83, 0xfc, 0xa2, 0xfc, 0xa3, 0xfc, 0x62, 0x41, 0x00, 0x00,
  0x20, 0x00, 0x00, 0x00, 0x00, 0x00, 0x00, 0x00, 0x00, 0x00, 0x00, 0x00,
  0x00, 0x00, 0x00, 0x00, 0x00, 0x00, 0x00, 0x00, 0x00, 0x00, 0x00, 0x00,
  0x00, 0x00, 0x00, 0x00, 0x00, 0x00, 0x00, 0x00, 0x00, 0x00, 0x00, 0x00,
  0x00, 0x00, 0x00, 0x00, 0x00, 0x00, 0x00, 0x00, 0x00, 0x00, 0x00, 0x00,
  0x00, 0x00, 0x00, 0x00, 0x01, 0x00, 0x00, 0x00, 0x20, 0x69, 0x29, 0xed,
  0x81, 0xfc, 0x81, 0xfc, 0x83, 0xfc, 0xa2, 0xfc, 0x82, 0xfc, 0xa2, 0xfc,
  0x82, 0xfc, 0xa2, 0xfc, 0x82, 0xfc, 0xa2, 0xfc, 0x82, 0xfc, 0xa2, 0xfc,
  0x82, 0xfc, 0xa2, 0xfc, 0x82, 0xfc, 0xa2, 0xfc, 0x82, 0xfc, 0xa2, 0xfc,
  0x82, 0xfc, 0xa2, 0xfc, 0x83, 0xfc, 0xc3, 0xfc, 0x61, 0xfc, 0x60, 0xfc,
  0x61, 0xfc, 0x81, 0xfc, 0x83, 0xfc, 0xa2, 0xfc, 0x83, 0xfc, 0xa2, 0xfc,
  0x83, 0xfc, 0xa2, 0xfc, 0x82, 0xfc, 0xa1, 0xfc, 0x85, 0xec, 0xa9, 0xfd,
  0xff, 0xff, 0xff, 0xff, 0xff, 0xff, 0xff, 0xff, 0xff, 0xff, 0xff, 0xff,
  0x2d, 0xfe, 0x86, 0xe4, 0x82, 0xfc, 0xa1, 0xfc, 0x83, 0xfc, 0xa2, 0xfc,
  0x5b, 0xff, 0xfd, 0xff, 0xff, 0xff, 0xff, 0xff, 0xff, 0xff, 0xff, 0xff,
  0xfa, 0xff, 0xd1, 0xe5, 0x41, 0xfc, 0xa1, 0xfc, 0x83, 0xfc, 0xa2, 0xfc,
  0x82, 0xfc, 0xa2, 0xfc, 0x82, 0xfc, 0xa2, 0xfc, 0x82, 0xfc, 0xa2, 0xfc,
  0x82, 0xfc, 0xa2, 0xfc, 0x82, 0xfc, 0xa2, 0xfc, 0x82, 0xfc, 0xa2, 0xfc,
  0x82, 0xfc, 0xa2, 0xfc, 0x82, 0xfc, 0xa2, 0xfc, 0x83, 0xfc, 0xa2, 0xfc,
  0x81, 0xfc, 0xa1, 0xfc, 0xea, 0xdc, 0xa0, 0x50, 0x00, 0x00, 0x21, 0x00,
  0x00, 0x00, 0x00, 0x00, 0x00, 0x00, 0x00, 0x00, 0x00, 0x00, 0x00, 0x00,
  0x00, 0x00, 0x00, 0x00, 0x00, 0x00, 0x00, 0x00, 0x00, 0x00, 0x00, 0x00,
  0x00, 0x00, 0x00, 0x00, 0x00, 0x00, 0x00, 0x00, 0x00, 0x00, 0x00, 0x00,
  0x00, 0x00, 0x00, 0x00, 0x00, 0x00, 0x00, 0x00, 0x00, 0x00, 0x00, 0x00,
  0x00, 0x00, 0x60, 0x10, 0x62, 0xf4, 0xa4, 0xfc, 0x82, 0xfc, 0x82, 0xfc,
  0xa2, 0xfc, 0xa3, 0xfc, 0xa2, 0xfc, 0xa3, 0xfc, 0xa2, 0xfc, 0xa3, 0xfc,
  0xa2, 0xfc, 0xa3, 0xfc, 0xa2, 0xfc, 0xa3, 0xfc, 0xa2, 0xfc, 0xa3, 0xfc,
  0xa2, 0xfc, 0xa3, 0xfc, 0xa2, 0xfc, 0x83, 0xfc, 0xa1, 0xfc, 0x61, 0xfc,
  0x4d, 0xdd, 0x76, 0xff, 0x16, 0xff, 0x54, 0xee, 0x67, 0xfd, 0xc6, 0xf4,
  0x80, 0xfc, 0x61, 0xfc, 0x81, 0xfc, 0x82, 0xfc, 0xa3, 0xfc, 0xa3, 0xfc,
  0xa1, 0xfc, 0xa2, 0xfc, 0xa7, 0xdc, 0x6f, 0xfe, 0xff, 0xff, 0xff, 0xf7,
  0xff, 0xff, 0xff, 0xff, 0xff, 0xff, 0xff, 0xff, 0x68, 0xfd, 0x85, 0xec,
  0xa1, 0xfc, 0x82, 0xfc, 0xa4, 0xf4, 0x06, 0xfd, 0xfe, 0xff, 0xff, 0xff,
  0xff, 0xff, 0xff, 0xff, 0xff, 0xff, 0xff, 0xf7, 0x96, 0xff, 0x2d, 0xd5,
  0x81, 0xfc, 0x81, 0xfc, 0xa2, 0xfc, 0x83, 0xfc, 0xa2, 0xfc, 0xa3, 0xfc,
  0xa2, 0xfc, 0xa3, 0xfc, 0xa2, 0xfc, 0xa3, 0xfc, 0xa2, 0xfc, 0xa3, 0xfc,
  0xa2, 0xfc, 0xa3, 0xfc, 0xa2, 0xfc, 0xa3, 0xfc, 0xa2, 0xfc, 0xa3, 0xfc,
  0xa2, 0xfc, 0xa3, 0xfc, 0xa2, 0xfc, 0x83, 0xfc, 0xa2, 0xfc, 0x82, 0xfc,
  0xe5, 0xfc, 0xe2, 0xdb, 0x20, 0x00, 0x00, 0x00, 0x00, 0x00, 0x00, 0x00,
  0x00, 0x00, 0x00, 0x00, 0x00, 0x00, 0x00, 0x00, 0x00, 0x00, 0x00, 0x00,
  0x00, 0x00, 0x00, 0x00, 0x00, 0x00, 0x00, 0x00, 0x00, 0x00, 0x00, 0x00,
  0x00, 0x00, 0x00, 0x00, 0x00, 0x00, 0x00, 0x00, 0x00, 0x00, 0x00, 0x00,
  0x00, 0x00, 0x00, 0x00, 0x01, 0x00, 0x00, 0x00, 0x00, 0x18, 0xc8, 0xa3,
  0xe2, 0xfc, 0x80, 0xfc, 0x83, 0xfc, 0xa2, 0xfc, 0x82, 0xfc, 0xa2, 0xfc,
  0x82, 0xfc, 0xa2, 0xfc, 0x82, 0xfc, 0xa2, 0xfc, 0x82, 0xfc, 0xa2, 0xfc,
  0x82, 0xfc, 0xa2, 0xfc, 0x82, 0xfc, 0xa2, 0xfc, 0x82, 0xfc, 0xa2, 0xfc,
  0x83, 0xfc, 0xa2, 0xfc, 0x81, 0xfc, 0x60, 0xfc, 0xf3, 0xe5, 0xfa, 0xff,
  0xff, 0xf7, 0xff, 0xff, 0xff, 0xff, 0xdd, 0xff, 0xd5, 0xfe, 0x31, 0xf6,
  0x27, 0xfd, 0xc4, 0xfc, 0x61, 0xfc, 0x60, 0xfc, 0x60, 0xfc, 0x80, 0xfc,
  0xca, 0xd4, 0x33, 0xff, 0xff, 0xff, 0xff, 0xff, 0xff, 0xff, 0xff, 0xff,
  0xfe, 0xff, 0xbc, 0xff, 0xc4, 0xfc, 0xa3, 0xfc, 0x81, 0xfc, 0xa1, 0xfc,
  0x85, 0xec, 0x88, 0xfd, 0xff, 0xff, 0xff, 0xff, 0xff, 0xff, 0xff, 0xff,
  0xff, 0xf7, 0xff, 0xff, 0xf2, 0xfe, 0xc8, 0xdc, 0x81, 0xfc, 0xa1, 0xfc,
  0x83, 0xfc, 0xa2, 0xfc, 0x82, 0xfc, 0xa2, 0xfc, 0x82, 0xfc, 0xa2, 0xfc,
  0x82, 0xfc, 0xa2, 0xfc, 0x82, 0xfc, 0xa2, 0xfc, 0x82, 0xfc, 0xa2, 0xfc,
  0x82, 0xfc, 0xa2, 0xfc, 0x82, 0xfc, 0xa2, 0xfc, 0x82, 0xfc, 0xa2, 0xfc,
  0x82, 0xfc, 0xa2, 0xfc, 0x83, 0xfc, 0xa2, 0xfc, 0x61, 0xfc, 0xe2, 0xfc,
  0x27, 0x8b, 0x00, 0x10, 0x01, 0x00, 0x00, 0x00, 0x00, 0x00, 0x00, 0x00,
  0x00, 0x00, 0x00, 0x00, 0x00, 0x00, 0x00, 0x00, 0x00, 0x00, 0x00, 0x00,
  0x00, 0x00, 0x00, 0x00, 0x00, 0x00, 0x00, 0x00, 0x00, 0x00, 0x00, 0x00,
  0x00, 0x00, 0x00, 0x00, 0x00, 0x00, 0x00, 0x00, 0x00, 0x00, 0x00, 0x00,
  0x20, 0x00, 0x00, 0x00, 0x40, 0x92, 0x29, 0xf5, 0x81, 0xfc, 0x82, 0xfc,
  0xa2, 0xfc, 0x83, 0xfc, 0xa2, 0xfc, 0xa3, 0xfc, 0xa2, 0xfc, 0xa3, 0xfc,
  0xa2, 0xfc, 0xa3, 0xfc, 0xa2, 0xfc, 0xa3, 0xfc, 0xa2, 0xfc, 0xa3, 0xfc,
  0xa2, 0xfc, 0xa3, 0xfc, 0xa2, 0xfc, 0xa3, 0xfc, 0xa2, 0xfc, 0xa3, 0xfc,
  0xa2, 0xfc, 0x62, 0xf4, 0xf7, 0xf6, 0xfd, 0xff, 0xff, 0xff, 0xff, 0xff,
  0xff, 0xff, 0xff, 0xff, 0xff, 0xff, 0xff, 0xff, 0xff, 0xff, 0x9e, 0xf7,
  0xd4, 0xfe, 0x32, 0xf6, 0x67, 0xfd, 0xa5, 0xfc, 0x6e, 0xdd, 0xb8, 0xff,
  0xff, 0xff, 0xff, 0xf7, 0xff, 0xff, 0xff, 0xff, 0xfd, 0xff, 0x3a, 0xf7,
  0x82, 0xfc, 0xa3, 0xfc, 0xa1, 0xfc, 0x82, 0xfc, 0xa6, 0xe4, 0x4e, 0xfe,
  0xff, 0xff, 0xff, 0xf7, 0xff, 0xff, 0xff, 0xff, 0xff, 0xff, 0xff, 0xff,
  0x2c, 0xfe, 0x87, 0xdc, 0xa1, 0xfc, 0x82, 0xfc, 0xa2, 0xfc, 0x83, 0xfc,
  0xa2, 0xfc, 0xa3, 0xfc, 0xa2, 0xfc, 0xa3, 0xfc, 0xa2, 0xfc, 0xa3, 0xfc,
  0xa2, 0xfc, 0xa3, 0xfc, 0xa2, 0xfc, 0xa3, 0xfc, 0xa2, 0xfc, 0xa3, 0xfc,
  0xa2, 0xfc, 0xa3, 0xfc, 0xa2, 0xfc, 0xa3, 0xfc, 0xa2, 0xfc, 0xa3, 0xfc,
  0xa2, 0xfc, 0x83, 0xfc, 0xa1, 0xfc, 0x81, 0xfc, 0x29, 0xed, 0x40, 0x71,
  0x00, 0x00, 0x01, 0x00, 0x00, 0x00, 0x00, 0x00, 0x00, 0x00, 0x00, 0x00,
  0x00, 0x00, 0x00, 0x00, 0x00, 0x00, 0x00, 0x00, 0x00, 0x00, 0x00, 0x00,
  0x00, 0x00, 0x00, 0x00, 0x00, 0x00, 0x00, 0x00, 0x00, 0x00, 0x00, 0x00,
  0x00, 0x00, 0x00, 0x00, 0x00, 0x00, 0x00, 0x00, 0x00, 0x00, 0xe1, 0x28,
  0xa3, 0xfc, 0x82, 0xfc, 0x82, 0xfc, 0xa2, 0xfc, 0x82, 0xfc, 0xa2, 0xfc,
  0x82, 0xfc, 0xa2, 0xfc, 0x82, 0xfc, 0xa2, 0xfc, 0x82, 0xfc, 0xa2, 0xfc,
  0x82, 0xfc, 0xa2, 0xfc, 0x82, 0xfc, 0xa2, 0xfc, 0x82, 0xfc, 0xa2, 0xfc,
  0x83, 0xfc, 0xa2, 0xfc, 0x82, 0xfc, 0xa2, 0xfc, 0x83, 0xfc, 0xa2, 0xfc,
  0x7c, 0xff, 0xfd, 0xff, 0xff, 0xff, 0xff, 0xff, 0xff, 0xff, 0xff, 0xff,
  0xdf, 0xff, 0xff, 0xff, 0xff, 0xff, 0xff, 0xff, 0xff, 0xff, 0xff, 0xff,
  0xff, 0xff, 0xbd, 0xff, 0x9d, 0xf7, 0xfe, 0xff, 0xff, 0xff, 0xff, 0xff,
  0xff, 0xff, 0xff, 0xff, 0xfb, 0xff, 0x33, 0xee, 0x41, 0xfc, 0xa1, 0xfc,
  0x82, 0xfc, 0xa1, 0xfc, 0xc9, 0xdc, 0x12, 0xff, 0xff, 0xff, 0xff, 0xff,
  0xff, 0xff, 0xff, 0xff, 0xff, 0xff, 0xff, 0xff, 0x48, 0xfd, 0x84, 0xec,
  0x82, 0xfc, 0xa1, 0xfc, 0x83, 0xfc, 0xa2, 0xfc, 0x82, 0xfc, 0xa2, 0xfc,
  0x82, 0xfc, 0xa2, 0xfc, 0x82, 0xfc, 0xa2, 0xfc, 0x82, 0xfc, 0xa2, 0xfc,
  0x82, 0xfc, 0xa2, 0xfc, 0x82, 0xfc, 0xa2, 0xfc, 0x82, 0xfc, 0xa2, 0xfc,
  0x82, 0xfc, 0xa2, 0xfc, 0x82, 0xfc, 0xa2, 0xfc, 0x82, 0xfc, 0xa2, 0xfc,
  0x82, 0xfc, 0x81, 0xfc, 0xa4, 0xfc, 0x42, 0xf4, 0x40, 0x10, 0x00, 0x00,
  0x00, 0x00, 0x00, 0x00, 0x00, 0x00, 0x00, 0x00, 0x00, 0x00, 0x00, 0x00,
  0x00, 0x00, 0x00, 0x00, 0x00, 0x00, 0x00, 0x00, 0x00, 0x00, 0x00, 0x00,
  0x00, 0x00, 0x00, 0x00, 0x00, 0x00, 0x00, 0x00, 0x00, 0x00, 0x00, 0x00,
  0x00, 0x00, 0x01, 0x00, 0x00, 0x20, 0xe9, 0xa3, 0xe2, 0xfc, 0x81, 0xfc,
  0xa2, 0xfc, 0x83, 0xfc, 0xa2, 0xfc, 0xa3, 0xfc, 0xa2, 0xfc, 0xa3, 0xfc,
  0xa2, 0xfc, 0xa3, 0xfc, 0xa2, 0xfc, 0xa3, 0xfc, 0xa2, 0xfc, 0xa3, 0xfc,
  0xa2, 0xfc, 0xa3, 0xfc, 0xa2, 0xfc, 0xa3, 0xfc, 0xa2, 0xfc, 0xa3, 0xfc,
  0xa2, 0xfc, 0x82, 0xfc, 0xa4, 0xf4, 0x06, 0xfd, 0xff, 0xff, 0xff, 0xff,
  0xff, 0xff, 0xff, 0xff, 0xff, 0xff, 0xff, 0xff, 0xff, 0xff, 0xff, 0xff,
  0xff, 0xff, 0xff, 0xff, 0xff, 0xff, 0xff, 0xff, 0xff, 0xff, 0xff, 0xff,
  0xff, 0xff, 0xff, 0xff, 0xff, 0xff, 0xff, 0xff, 0xff, 0xff, 0xff, 0xf7,
  0xfa, 0xff, 0x34, 0xe6, 0xc3, 0xfc, 0x83, 0xfc, 0x60, 0xfc, 0x40, 0xfc,
  0x2c, 0xdd, 0x97, 0xff, 0xff, 0xff, 0xff, 0xf7, 0xff, 0xff, 0xff, 0xff,
  0xfe, 0xff, 0x9d, 0xff, 0xc4, 0xfc, 0x84, 0xf4, 0xa2, 0xfc, 0x82, 0xfc,
  0xa2, 0xfc, 0x83, 0xfc, 0xa2, 0xfc, 0xa3, 0xfc, 0xa2, 0xfc, 0xa3, 0xfc,
  0xa2, 0xfc, 0xa3, 0xfc, 0xa2, 0xfc, 0xa3, 0xfc, 0xa2, 0xfc, 0xa3, 0xfc,
  0xa2, 0xfc, 0xa3, 0xfc, 0xa2, 0xfc, 0xa3, 0xfc, 0xa2, 0xfc, 0xa3, 0xfc,
  0xa2, 0xfc, 0xa3, 0xfc, 0xa2, 0xfc, 0xa3, 0xfc, 0xa2, 0xfc, 0x83, 0xfc,
  0x81, 0xfc, 0xe3, 0xfc, 0x47, 0x8b, 0x00, 0x10, 0x21, 0x00, 0x01, 0x00,
  0x00, 0x00, 0x00, 0x00, 0x00, 0x00, 0x00, 0x00, 0x00, 0x00, 0x00, 0x00,
  0x00, 0x00, 0x00, 0x00, 0x00, 0x00, 0x00, 0x00, 0x00, 0x00, 0x00, 0x00,
  0x00, 0x00, 0x00, 0x00, 0x00, 0x00, 0x00, 0x00, 0x01, 0x00, 0x00, 0x00,
  0x40, 0x71, 0x29, 0xed, 0x61, 0xfc, 0x81, 0xfc, 0x83, 0xfc, 0xa2, 0xfc,
  0x82, 0xfc, 0xa2, 0xfc, 0x82, 0xfc, 0xa2, 0xfc, 0x82, 0xfc, 0xa2, 0xfc,
  0x82, 0xfc, 0xa2, 0xfc, 0x82, 0xfc, 0xa2, 0xfc, 0x82, 0xfc, 0xa2, 0xfc,
  0x82, 0xfc, 0xa2, 0xfc, 0x82, 0xfc, 0xa2, 0xfc, 0x82, 0xfc, 0xa1, 0xfc,
  0x85, 0xe4, 0xca, 0xfd, 0xff, 0xff, 0xff, 0xff, 0xff, 0xff, 0xff, 0xff,
  0xff, 0xff, 0xff, 0xff, 0xff, 0xff, 0xff, 0xff, 0xff, 0xff, 0xff, 0xff,
  0xff, 0xff, 0xff, 0xff, 0xff, 0xff, 0xff, 0xff, 0xff, 0xff, 0xff, 0xff,
  0xff, 0xff, 0xff, 0xff, 0xff, 0xff, 0xff, 0xff, 0xff, 0xff, 0xff, 0xff,
  0xbd, 0xff, 0x7b, 0xff, 0x91, 0xfe, 0xce, 0xfd, 0x34, 0xe6, 0xfa, 0xff,
  0xff, 0xff, 0xff, 0xff, 0xff, 0xff, 0xff, 0xff, 0xfd, 0xff, 0x19, 0xf7,
  0x62, 0xfc, 0xa2, 0xfc, 0x82, 0xfc, 0xa2, 0xfc, 0x82, 0xfc, 0xa2, 0xfc,
  0x82, 0xfc, 0xa2, 0xfc, 0x82, 0xfc, 0xa2, 0xfc, 0x82, 0xfc, 0xa2, 0xfc,
  0x82, 0xfc, 0xa2, 0xfc, 0x82, 0xfc, 0xa2, 0xfc, 0x82, 0xfc, 0xa2, 0xfc,
  0x82, 0xfc, 0xa2, 0xfc, 0x82, 0xfc, 0xa2, 0xfc, 0x82, 0xfc, 0xa2, 0xfc,
  0x82, 0xfc, 0xa2, 0xfc, 0x83, 0xfc, 0xa2, 0xfc, 0x81, 0xfc, 0x80, 0xfc,
  0x0a, 0xed, 0x40, 0x71, 0x00, 0x00, 0x21, 0x00, 0x00, 0x00, 0x00, 0x00,
  0x00, 0x00, 0x00, 0x00, 0x00, 0x00, 0x00, 0x00, 0x00, 0x00, 0x00, 0x00,
  0x00, 0x00, 0x00, 0x00, 0x00, 0x00, 0x00, 0x00, 0x00, 0x00, 0x00, 0x00,
  0x00, 0x00, 0x00, 0x00, 0x00, 0x00, 0x20, 0x00, 0x01, 0xe4, 0xc5, 0xfc,
  0xa2, 0xfc, 0x82, 0xfc, 0xa2, 0xfc, 0xa3, 0xfc, 0xa2, 0xfc, 0xa3, 0xfc,
  0xa2, 0xfc, 0xa3, 0xfc, 0xa2, 0xfc, 0xa3, 0xfc, 0xa2, 0xfc, 0xa3, 0xfc,
  0xa2, 0xfc, 0xa3, 0xfc, 0xa2, 0xfc, 0xa3, 0xfc, 0xa2, 0xfc, 0xa3, 0xfc,
  0xa2, 0xfc, 0x83, 0xfc, 0xa1, 0xfc, 0xa2, 0xfc, 0xa8, 0xdc, 0xb1, 0xfe,
  0xff, 0xff, 0xff, 0xf7, 0xff, 0xff, 0xff, 0xff, 0xff, 0xff, 0xff, 0xff,
  0xff, 0xff, 0xff, 0xff, 0xff, 0xff, 0xff, 0xff, 0xff, 0xff, 0xff, 0xff,
  0xff, 0xff, 0xff, 0xff, 0xff, 0xff, 0xff, 0xff, 0xff, 0xff, 0xff, 0xff,
  0xff, 0xff, 0xff, 0xff, 0xff, 0xff, 0xff, 0xff, 0xff, 0xff, 0xff, 0xff,
  0xff, 0xff, 0xff, 0xff, 0xff, 0xff, 0xff, 0xff, 0xff, 0xff, 0xff, 0xff,
  0xff, 0xff, 0xff, 0xf7, 0xfb, 0xff, 0x55, 0xe6, 0x61, 0xfc, 0xa2, 0xfc,
  0xa2, 0xfc, 0x83, 0xfc, 0xa2, 0xfc, 0xa3, 0xfc, 0xa2, 0xfc, 0xa3, 0xfc,
  0xa2, 0xfc, 0xa3, 0xfc, 0xa2, 0xfc, 0xa3, 0xfc, 0xa2, 0xfc, 0xa3, 0xfc,
  0xa2, 0xfc, 0xa3, 0xfc, 0xa2, 0xfc, 0xa3, 0xfc, 0xa2, 0xfc, 0xa3, 0xfc,
  0xa2, 0xfc, 0xa3, 0xfc, 0xa2, 0xfc, 0xa3, 0xfc, 0xa2, 0xfc, 0xa3, 0xfc,
  0xa2, 0xfc, 0x83, 0xfc, 0xa2, 0xfc, 0x82, 0xfc, 0xe5, 0xfc, 0xc1, 0xd3,
  0x00, 0x00, 0x00, 0x00, 0x00, 0x00, 0x00, 0x00, 0x00, 0x00, 0x00, 0x00,
  0x00, 0x00, 0x00, 0x00, 0x00, 0x00, 0x00, 0x00, 0x00, 0x00, 0x00, 0x00,
  0x00, 0x00, 0x00, 0x00, 0x00, 0x00, 0x00, 0x00, 0x01, 0x00, 0x20, 0x00,
  0x00, 0x08, 0x44, 0x62, 0x03, 0xfd, 0x81, 0xfc, 0x83, 0xfc, 0xa2, 0xfc,
  0x82, 0xfc, 0xa2, 0xfc, 0x82, 0xfc, 0xa2, 0xfc, 0x82, 0xfc, 0xa2, 0xfc,
  0x82, 0xfc, 0xa2, 0xfc, 0x82, 0xfc, 0xa2, 0xfc, 0x82, 0xfc, 0xa2, 0xfc,
  0x82, 0xfc, 0xa2, 0xfc, 0x82, 0xfc, 0xa2, 0xfc, 0x82, 0xfc, 0xa2, 0xfc,
  0x82, 0xfc, 0xa2, 0xfc, 0x83, 0xf4, 0x25, 0xfd, 0xf0, 0xf5, 0xb2, 0xfe,
  0x9d, 0xf7, 0xfe, 0xff, 0xff, 0xff, 0xff, 0xff, 0xff, 0xff, 0xff, 0xff,
  0xff, 0xff, 0xff, 0xff, 0xff, 0xff, 0xff, 0xff, 0xff, 0xff, 0xff, 0xff,
  0xff, 0xff, 0xff, 0xff, 0xff, 0xff, 0xff, 0xff, 0xff, 0xff, 0xff, 0xff,
  0xff, 0xff, 0xff, 0xff, 0xff, 0xff, 0xff, 0xff, 0xdf, 0xff, 0xff, 0xff,
  0xff, 0xff, 0xff, 0xff, 0xff, 0xff, 0xff, 0xff, 0xff, 0xf7, 0xff, 0xff,
  0xd8, 0xff, 0x8f, 0xdd, 0x20, 0xfc, 0x60, 0xfc, 0xa3, 0xfc, 0xa2, 0xfc,
  0x82, 0xfc, 0xa2, 0xfc, 0x82, 0xfc, 0xa2, 0xfc, 0x82, 0xfc, 0xa2, 0xfc,
  0x82, 0xfc, 0xa2, 0xfc, 0x82, 0xfc, 0xa2, 0xfc, 0x82, 0xfc, 0xa2, 0xfc,
  0x82, 0xfc, 0xa2, 0xfc, 0x82, 0xfc, 0xa2, 0xfc, 0x82, 0xfc, 0xa2, 0xfc,
  0x82, 0xfc, 0xa2, 0xfc, 0x82, 0xfc, 0xa2, 0xfc, 0x82, 0xfc, 0xa2, 0xfc,
  0x82, 0xfc, 0xa2, 0xfc, 0x62, 0xfc, 0xe3, 0xfc, 0xe4, 0x51, 0x00, 0x08,
  0x01, 0x00, 0x00, 0x00, 0x00, 0x00, 0x00, 0x00, 0x00, 0x00, 0x00, 0x00,
  0x00, 0x00, 0x00, 0x00, 0x00, 0x00, 0x00, 0x00, 0x00, 0x00, 0x00, 0x00,
  0x00, 0x00, 0x00, 0x00, 0x01, 0x00, 0x01, 0x00, 0x00, 0x30, 0x6a, 0xc4,
  0xa1, 0xfc, 0x81, 0xfc, 0xa2, 0xfc, 0x83, 0xfc, 0xa2, 0xfc, 0xa3, 0xfc,
  0xa2, 0xfc, 0xa3, 0xfc, 0xa2, 0xfc, 0xa3, 0xfc, 0xa2, 0xfc, 0xa3, 0xfc,
  0xa2, 0xfc, 0xa3, 0xfc, 0xa2, 0xfc, 0xa3, 0xfc, 0xa2, 0xfc, 0xa3, 0xfc,
  0xa2, 0xfc, 0xa3, 0xfc, 0xa2, 0xfc, 0xa3, 0xfc, 0xa2, 0xfc, 0xa3, 0xfc,
  0xa2, 0xfc, 0x62, 0xfc, 0x60, 0xfc, 0x61, 0xfc, 0xc4, 0xfc, 0x26, 0xfd,
  0x11, 0xee, 0x36, 0xff, 0xff, 0xff, 0xff, 0xff, 0xff, 0xff, 0xff, 0xff,
  0xff, 0xff, 0xff, 0xff, 0xff, 0xff, 0xff, 0xff, 0xff, 0xff, 0xff, 0xff,
  0xff, 0xff, 0xff, 0xff, 0xff, 0xff, 0xff, 0xff, 0xff, 0xff, 0xff, 0xff,
  0xff, 0xff, 0xff, 0xff, 0xff, 0xff, 0xff, 0xff, 0xff, 0xff, 0xff, 0xff,
  0xff, 0xff, 0xff, 0xff, 0xff, 0xff, 0xff, 0xff, 0xfe, 0xff, 0x7c, 0xf7,
  0x4e, 0xfe, 0x4b, 0xed, 0x81, 0xfc, 0x61, 0xfc, 0xa2, 0xfc, 0xa3, 0xfc,
  0xa2, 0xfc, 0xa3, 0xfc, 0xa2, 0xfc, 0xa3, 0xfc, 0xa2, 0xfc, 0xa3, 0xfc,
  0xa2, 0xfc, 0xa3, 0xfc, 0xa2, 0xfc, 0xa3, 0xfc, 0xa2, 0xfc, 0xa3, 0xfc,
  0xa2, 0xfc, 0xa3, 0xfc, 0xa2, 0xfc, 0xa3, 0xfc, 0xa2, 0xfc, 0xa3, 0xfc,
  0xa2, 0xfc, 0xa3, 0xfc, 0xa2, 0xfc, 0xa3, 0xfc, 0xa2, 0xfc, 0x83, 0xfc,
  0x81, 0xfc, 0xa2, 0xfc, 0x8a, 0xc4, 0x00, 0x30, 0x00, 0x00, 0x01, 0x00,
  0x00, 0x00, 0x00, 0x00, 0x00, 0x00, 0x00, 0x00, 0x00, 0x00, 0x00, 0x00,
  0x00, 0x00, 0x00, 0x00, 0x00, 0x00, 0x00, 0x00, 0x00, 0x00, 0x00, 0x00,
  0x01, 0x00, 0x00, 0x00, 0xe0, 0x89, 0x28, 0xf5, 0x61, 0xfc, 0x81, 0xfc,
  0x83, 0xfc, 0xa2, 0xfc, 0x82, 0xfc, 0xa2, 0xfc, 0x82, 0xfc, 0xa2, 0xfc,
  0x82, 0xfc, 0xa2, 0xfc, 0x82, 0xfc, 0xa2, 0xfc, 0x82, 0xfc, 0xa2, 0xfc,
  0x82, 0xfc, 0xa2, 0xfc, 0x82, 0xfc, 0xa2, 0xfc, 0x82, 0xfc, 0xa2, 0xfc,
  0x82, 0xfc, 0xa2, 0xfc, 0x82, 0xfc, 0xa2, 0xfc, 0x82, 0xfc, 0xa2, 0xfc,
  0x83, 0xfc, 0xa2, 0xfc, 0x82, 0xfc, 0x81, 0xfc, 0x41, 0xfc, 0x81, 0xfc,
  0x3a, 0xf7, 0xfd, 0xff, 0xff, 0xff, 0xff, 0xff, 0xff, 0xff, 0xff, 0xff,
  0xff, 0xff, 0xff, 0xff, 0xff, 0xff, 0xff, 0xff, 0xff, 0xff, 0xff, 0xff,
  0xff, 0xff, 0xff, 0xff, 0xff, 0xff, 0xff, 0xff, 0xff, 0xff, 0xff, 0xff,
  0xff, 0xff, 0xff, 0xff, 0xff, 0xff, 0xff, 0xff, 0xff, 0xff, 0xff, 0xff,
  0xff, 0xff, 0xff, 0xff, 0xff, 0xff, 0xff, 0xff, 0xff, 0xff, 0xff, 0xff,
  0xf4, 0xfe, 0xcf, 0xf5, 0x81, 0xfc, 0x60, 0xfc, 0x82, 0xfc, 0xa2, 0xfc,
  0x82, 0xfc, 0xa2, 0xfc, 0x82, 0xfc, 0xa2, 0xfc, 0x82, 0xfc, 0xa2, 0xfc,
  0x82, 0xfc, 0xa2, 0xfc, 0x82, 0xfc, 0xa2, 0xfc, 0x82, 0xfc, 0xa2, 0xfc,
  0x82, 0xfc, 0xa2, 0xfc, 0x82, 0xfc, 0xa2, 0xfc, 0x82, 0xfc, 0xa2, 0xfc,
  0x82, 0xfc, 0xa2, 0xfc, 0x83, 0xfc, 0xa2, 0xfc, 0x81, 0xfc, 0x80, 0xfc,
  0x09, 0xed, 0xc0, 0x81, 0x00, 0x00, 0x20, 0x00, 0x00, 0x00, 0x00, 0x00,
  0x00, 0x00, 0x00, 0x00, 0x00, 0x00, 0x00, 0x00, 0x00, 0x00, 0x00, 0x00,
  0x00, 0x00, 0x00, 0x00, 0x00, 0x00, 0x00, 0x00, 0x00, 0x00, 0x20, 0x08,
  0x42, 0xec, 0xc4, 0xfc, 0x82, 0xfc, 0x82, 0xfc, 0xa2, 0xfc, 0xa3, 0xfc,
  0xa2, 0xfc, 0xa3, 0xfc, 0xa2, 0xfc, 0xa3, 0xfc, 0xa2, 0xfc, 0xa3, 0xfc,
  0xa2, 0xfc, 0xa3, 0xfc, 0xa2, 0xfc, 0xa3, 0xfc, 0xa2, 0xfc, 0xa3, 0xfc,
  0xa2, 0xfc, 0xa3, 0xfc, 0xa2, 0xfc, 0xa3, 0xfc, 0xa2, 0xfc, 0xa3, 0xfc,
  0xa2, 0xfc, 0xa3, 0xfc, 0xa2, 0xfc, 0xa3, 0xfc, 0xa2, 0xfc, 0xa3, 0xfc,
  0xa3, 0xfc, 0xa3, 0xfc, 0xa1, 0xfc, 0x61, 0xfc, 0x8f, 0xdd, 0xd9, 0xff,
  0xff, 0xff, 0xff, 0xf7, 0xff, 0xff, 0xff, 0xff, 0xff, 0xff, 0xff, 0xff,
  0xff, 0xff, 0xff, 0xff, 0xff, 0xff, 0xff, 0xff, 0xff, 0xff, 0xff, 0xff,
  0xff, 0xff, 0xff, 0xff, 0xff, 0xff, 0xff, 0xff, 0xff, 0xff, 0xff, 0xff,
  0xff, 0xff, 0xff, 0xff, 0xff, 0xff, 0xff, 0xff, 0xff, 0xff, 0xff, 0xff,
  0xff, 0xff, 0xff, 0xff, 0xff, 0xff, 0xff, 0xff, 0xff, 0xff, 0xff, 0xff,
  0x56, 0xff, 0x12, 0xee, 0x81, 0xfc, 0x61, 0xfc, 0xa2, 0xfc, 0x83, 0xfc,
  0xa2, 0xfc, 0xa3, 0xfc, 0xa2, 0xfc, 0xa3, 0xfc, 0xa2, 0xfc, 0xa3, 0xfc,
  0xa2, 0xfc, 0xa3, 0xfc, 0xa2, 0xfc, 0xa3, 0xfc, 0xa2, 0xfc, 0xa3, 0xfc,
  0xa2, 0xfc, 0xa3, 0xfc, 0xa2, 0xfc, 0xa3, 0xfc, 0xa2, 0xfc, 0xa3, 0xfc,
  0xa2, 0xfc, 0x83, 0xfc, 0xa2, 0xfc, 0x82, 0xfc, 0xe5, 0xfc, 0xa1, 0xd3,
  0x00, 0x00, 0x00, 0x00, 0x00, 0x00, 0x00, 0x00, 0x00, 0x00, 0x00, 0x00,
  0x00, 0x00, 0x00, 0x00, 0x00, 0x00, 0x00, 0x00, 0x00, 0x00, 0x00, 0x00,
  0x01, 0x00, 0x20, 0x00, 0x00, 0x00, 0xc3, 0x51, 0xe3, 0xfc, 0x81, 0xfc,
  0x82, 0xfc, 0xa2, 0xfc, 0x82, 0xfc, 0xa2, 0xfc, 0x82, 0xfc, 0xa2, 0xfc,
  0x82, 0xfc, 0xa2, 0xfc, 0x82, 0xfc, 0xa2, 0xfc, 0x82, 0xfc, 0xa2, 0xfc,
  0x82, 0xfc, 0xa2, 0xfc, 0x82, 0xfc, 0xa2, 0xfc, 0x82, 0xfc, 0xa2, 0xfc,
  0x82, 0xfc, 0xa2, 0xfc, 0x82, 0xfc, 0xa2, 0xfc, 0x82, 0xfc, 0xa2, 0xfc,
  0x82, 0xfc, 0xa2, 0xfc, 0x82, 0xfc, 0xa2, 0xfc, 0x83, 0xfc, 0xa2, 0xfc,
  0x81, 0xfc, 0x80, 0xfc, 0x0c, 0xd5, 0x75, 0xff, 0xff, 0xff, 0xff, 0xff,
  0xff, 0xff, 0xff, 0xff, 0xff, 0xff, 0xff, 0xff, 0xff, 0xff, 0xff, 0xff,
  0xff, 0xff, 0xff, 0xff, 0xff, 0xff, 0xff, 0xff, 0xff, 0xff, 0xff, 0xff,
  0xff, 0xff, 0xff, 0xff, 0xff, 0xff, 0xff, 0xff, 0xff, 0xff, 0xff, 0xff,
  0xff, 0xff, 0xff, 0xff, 0xff, 0xff, 0xff, 0xff, 0xff, 0xff, 0xff, 0xff,
  0xff, 0xff, 0xff, 0xff, 0xdf, 0xff, 0xff, 0xff, 0xff, 0xff, 0xff, 0xff,
  0x14, 0xff, 0x6d, 0xe5, 0x40, 0xfc, 0x81, 0xfc, 0x83, 0xfc, 0x82, 0xfc,
  0x82, 0xfc, 0xa2, 0xfc, 0x82, 0xfc, 0xa2, 0xfc, 0x82, 0xfc, 0xa2, 0xfc,
  0x82, 0xfc, 0xa2, 0xfc, 0x82, 0xfc, 0xa2, 0xfc, 0x82, 0xfc, 0xa2, 0xfc,
  0x82, 0xfc, 0xa2, 0xfc, 0x82, 0xfc, 0xa2, 0xfc, 0x82, 0xfc, 0xa2, 0xfc,
  0x82, 0xfc, 0xa2, 0xfc, 0x82, 0xfc, 0xe3, 0xfc, 0xa3, 0x49, 0x00, 0x08,
  0x01, 0x00, 0x00, 0x00, 0x00, 0x00, 0x00, 0x00, 0x00, 0x00, 0x00, 0x00,
  0x00, 0x00, 0x00, 0x00, 0x00, 0x00, 0x00, 0x00, 0x01, 0x00, 0x01, 0x00,
  0x00, 0x20, 0xe9, 0xa3, 0xc2, 0xfc, 0x81, 0xfc, 0xa2, 0xfc, 0x83, 0xfc,
  0xa2, 0xfc, 0x83, 0xfc, 0xa2, 0xfc, 0x83, 0xfc, 0xa2, 0xfc, 0x83, 0xfc,
  0xa2, 0xfc, 0x83, 0xfc, 0xa2, 0xfc, 0x83, 0xfc, 0xa2, 0xfc, 0x83, 0xfc,
  0xa2, 0xfc, 0x83, 0xfc, 0xa2, 0xfc, 0x83, 0xfc, 0xa2, 0xfc, 0x83, 0xfc,
  0xa2, 0xfc, 0x83, 0xfc, 0xa2, 0xfc, 0x83, 0xfc, 0xa2, 0xfc, 0x83, 0xfc,
  0xa2, 0xfc, 0x83, 0xfc, 0xa2, 0xfc, 0x83, 0xfc, 0xa1, 0xfc, 0x61, 0xfc,
  0x4d, 0xdd, 0x97, 0xff, 0xff, 0xff, 0xff, 0xf7, 0xff, 0xff, 0xff, 0xff,
  0xff, 0xff, 0xff, 0xff, 0xff, 0xff, 0xff, 0xff, 0xff, 0xff, 0xff, 0xff,
  0xff, 0xff, 0xff, 0xff, 0xff, 0xff, 0xff, 0xff, 0xff, 0xff, 0xff, 0xff,
  0xff, 0xff, 0xff, 0xff, 0xff, 0xff, 0xff, 0xff, 0xff, 0xff, 0xff, 0xff,
  0xff, 0xff, 0xff, 0xff, 0xff, 0xff, 0xff, 0xff, 0xff, 0xff, 0xff, 0xff,
  0xff, 0xff, 0xff, 0xff, 0xff, 0xff, 0xff, 0xff, 0xff, 0xff, 0xff, 0xff,
  0x2c, 0xfe, 0xa7, 0xe4, 0xa1, 0xfc, 0x82, 0xfc, 0xa2, 0xfc, 0x83, 0xfc,
  0xa2, 0xfc, 0x83, 0xfc, 0xa2, 0xfc, 0x83, 0xfc, 0xa2, 0xfc, 0x83, 0xfc,
  0xa2, 0xfc, 0x83, 0xfc, 0xa2, 0xfc, 0x83, 0xfc, 0xa2, 0xfc, 0x83, 0xfc,
  0xa2, 0xfc, 0x83, 0xfc, 0xa2, 0xfc, 0x83, 0xfc, 0xa2, 0xfc, 0x83, 0xfc,
  0x81, 0xfc, 0xc3, 0xfc, 0xc8, 0xa3, 0x00, 0x18, 0x21, 0x00, 0x01, 0x00,
  0x00, 0x00, 0x00, 0x00, 0x00, 0x00, 0x00, 0x00, 0x00, 0x00, 0x00, 0x00,
  0x00, 0x00, 0x00, 0x00, 0x01, 0x00, 0x00, 0x00, 0xe0, 0x58, 0x09, 0xe5,
  0x81, 0xfc, 0x81, 0xfc, 0x83, 0xfc, 0xa2, 0xfc, 0x82, 0xfc, 0xa2, 0xfc,
  0x82, 0xfc, 0xa2, 0xfc, 0x82, 0xfc, 0xa2, 0xfc, 0x82, 0xfc, 0xa2, 0xfc,
  0x82, 0xfc, 0xa2, 0xfc, 0x82, 0xfc, 0xa2, 0xfc, 0x82, 0xfc, 0xa2, 0xfc,
  0x82, 0xfc, 0xa2, 0xfc, 0x82, 0xfc, 0xa2, 0xfc, 0x82, 0xfc, 0xa2, 0xfc,
  0x82, 0xfc, 0xa2, 0xfc, 0x82, 0xfc, 0xa2, 0xfc, 0x82, 0xfc, 0xa2, 0xfc,
  0x83, 0xfc, 0xa2, 0xfc, 0x81, 0xfc, 0x60, 0xfc, 0xd2, 0xe5, 0xf9, 0xff,
  0xff, 0xf7, 0xff, 0xff, 0xff, 0xff, 0xff, 0xff, 0xff, 0xff, 0xff, 0xff,
  0xff, 0xff, 0xff, 0xff, 0xff, 0xff, 0xff, 0xff, 0xff, 0xff, 0xdd, 0xff,
  0x9e, 0xff, 0xff, 0xff, 0xff, 0xff, 0xff, 0xff, 0xff, 0xff, 0xff, 0xff,
  0xdf, 0xff, 0xff, 0xff, 0xff, 0xff, 0xff, 0xff, 0xff, 0xff, 0xff, 0xff,
  0xff, 0xff, 0xff, 0xff, 0xff, 0xff, 0xff, 0xff, 0xff, 0xff, 0xff, 0xff,
  0xff, 0xff, 0xff, 0xff, 0xff, 0xff, 0xff, 0xff, 0xfd, 0xff, 0xf8, 0xf6,
  0x62, 0xfc, 0xa2, 0xfc, 0x82, 0xfc, 0xa2, 0xfc, 0x82, 0xfc, 0xa2, 0xfc,
  0x82, 0xfc, 0xa2, 0xfc, 0x82, 0xfc, 0xa2, 0xfc, 0x82, 0xfc, 0xa2, 0xfc,
  0x82, 0xfc, 0xa2, 0xfc, 0x82, 0xfc, 0xa2, 0xfc, 0x82, 0xfc, 0xa2, 0xfc,
  0x82, 0xfc, 0xa2, 0xfc, 0x83, 0xfc, 0xa2, 0xfc, 0x81, 0xfc, 0x81, 0xfc,
  0xca, 0xdc, 0xa0, 0x58, 0x00, 0x00, 0x01, 0x00, 0x00, 0x00, 0x00, 0x00,
  0x00, 0x00, 0x00, 0x00, 0x00, 0x00, 0x00, 0x00, 0x00, 0x00, 0x00, 0x00,
  0x20, 0x00, 0x00, 0x00, 0x60, 0xa2, 0x28, 0xf5, 0x81, 0xfc, 0x82, 0xfc,
  0xa2, 0xfc, 0x83, 0xfc, 0xa2, 0xfc, 0xa3, 0xfc, 0xa2, 0xfc, 0xa3, 0xfc,
  0xa2, 0xfc, 0xa3, 0xfc, 0xa2, 0xfc, 0xa3, 0xfc, 0xa2, 0xfc, 0xa3, 0xfc,
  0xa2, 0xfc, 0xa3, 0xfc, 0xa2, 0xfc, 0xa3, 0xfc, 0xa2, 0xfc, 0xa3, 0xfc,
  0xa2, 0xfc, 0xa3, 0xfc, 0xa2, 0xfc, 0xa3, 0xfc, 0xa2, 0xfc, 0xa3, 0xfc,
  0xa2, 0xfc, 0xa3, 0xfc, 0xa2, 0xfc, 0xa3, 0xfc, 0xa2, 0xfc, 0x83, 0xfc,
  0xa2, 0xfc, 0x61, 0xfc, 0xb6, 0xee, 0xfc, 0xff, 0xff, 0xff, 0xff, 0xf7,
  0xff, 0xff, 0xff, 0xff, 0xff, 0xff, 0xff, 0xff, 0xff, 0xff, 0xff, 0xff,
  0xff, 0xff, 0xff, 0xf7, 0xfb, 0xff, 0x76, 0xee, 0xa4, 0xf4, 0x47, 0xfd,
  0x52, 0xf6, 0xf5, 0xfe, 0xdf, 0xff, 0xff, 0xff, 0xff, 0xff, 0xff, 0xff,
  0xff, 0xff, 0xff, 0xff, 0xff, 0xff, 0xff, 0xff, 0xff, 0xff, 0xff, 0xff,
  0xff, 0xff, 0xff, 0xff, 0xff, 0xff, 0xff, 0xff, 0xff, 0xff, 0xff, 0xff,
  0xff, 0xff, 0xff, 0xff, 0xff, 0xff, 0xff, 0xff, 0xaf, 0xfe, 0xa8, 0xdc,
  0xa1, 0xfc, 0x82, 0xfc, 0xa2, 0xfc, 0x83, 0xfc, 0xa2, 0xfc, 0xa3, 0xfc,
  0xa2, 0xfc, 0xa3, 0xfc, 0xa2, 0xfc, 0xa3, 0xfc, 0xa2, 0xfc, 0xa3, 0xfc,
  0xa2, 0xfc, 0xa3, 0xfc, 0xa2, 0xfc, 0xa3, 0xfc, 0xa2, 0xfc, 0xa3, 0xfc,
  0xa2, 0xfc, 0x83, 0xfc, 0xa1, 0xfc, 0x61, 0xfc, 0x28, 0xf5, 0x40, 0x92,
  0x00, 0x00, 0x01, 0x00, 0x00, 0x00, 0x00, 0x00, 0x00, 0x00, 0x00, 0x00,
  0x00, 0x00, 0x00, 0x00, 0x00, 0x00, 0x00, 0x00, 0x00, 0x00, 0x00, 0x00,
  0xa1, 0xd3, 0xe5, 0xfc, 0x62, 0xfc, 0x81, 0xfc, 0x82, 0xfc, 0xa2, 0xfc,
  0x82, 0xfc, 0xa2, 0xfc, 0x82, 0xfc, 0xa2, 0xfc, 0x82, 0xfc, 0xa2, 0xfc,
  0x82, 0xfc, 0xa2, 0xfc, 0x82, 0xfc, 0xa2, 0xfc, 0x82, 0xfc, 0xa2, 0xfc,
  0x82, 0xfc, 0xa2, 0xfc, 0x82, 0xfc, 0xa2, 0xfc, 0x82, 0xfc, 0xa2, 0xfc,
  0x82, 0xfc, 0xa2, 0xfc, 0x82, 0xfc, 0xa2, 0xfc, 0x82, 0xfc, 0xa2, 0xfc,
  0x82, 0xfc, 0xa2, 0xfc, 0x82, 0xfc, 0xa2, 0xfc, 0x83, 0xfc, 0x82, 0xfc,
  0x5b, 0xf7, 0xfd, 0xff, 0xff, 0xff, 0xff, 0xff, 0xff, 0xff, 0xff, 0xff,
  0xff, 0xff, 0xff, 0xff, 0xff, 0xff, 0xff, 0xff, 0xff, 0xff, 0xff, 0xff,
  0xd9, 0xff, 0xd0, 0xe5, 0x40, 0xfc, 0x60, 0xfc, 0x41, 0xfc, 0x60, 0xfc,
  0xc7, 0xf4, 0x89, 0xfd, 0xf8, 0xf6, 0xdb, 0xff, 0xff, 0xff, 0xff, 0xff,
  0xdf, 0xff, 0xff, 0xff, 0xff, 0xff, 0xff, 0xff, 0xff, 0xff, 0xff, 0xff,
  0xff, 0xff, 0xff, 0xff, 0xff, 0xff, 0xff, 0xff, 0xff, 0xff, 0xff, 0xff,
  0xff, 0xff, 0xff, 0xff, 0xfc, 0xff, 0x54, 0xee, 0x41, 0xfc, 0xa1, 0xfc,
  0x82, 0xfc, 0xa2, 0xfc, 0x82, 0xfc, 0xa2, 0xfc, 0x82, 0xfc, 0xa2, 0xfc,
  0x82, 0xfc, 0xa2, 0xfc, 0x82, 0xfc, 0xa2, 0xfc, 0x82, 0xfc, 0xa2, 0xfc,
  0x82, 0xfc, 0xa2, 0xfc, 0x82, 0xfc, 0xa2, 0xfc, 0x82, 0xfc, 0xa2, 0xfc,
  0x82, 0xfc, 0x81, 0xfc, 0xc5, 0xfc, 0xc0, 0xdb, 0x00, 0x00, 0x00, 0x00,
  0x00, 0x00, 0x00, 0x00, 0x00, 0x00, 0x00, 0x00, 0x00, 0x00, 0x00, 0x00,
  0x00, 0x00, 0x01, 0x00, 0x00, 0x00, 0xe2, 0x28, 0xc3, 0xfc, 0x83, 0xfc,
  0xa2, 0xfc, 0x83, 0xfc, 0xa2, 0xfc, 0xa3, 0xfc, 0xa2, 0xfc, 0xa3, 0xfc,
  0xa2, 0xfc, 0xa3, 0xfc, 0xa2, 0xfc, 0xa3, 0xfc, 0xa2, 0xfc, 0xa3, 0xfc,
  0xa2, 0xfc, 0xa3, 0xfc, 0xa2, 0xfc, 0xa3, 0xfc, 0xa2, 0xfc, 0xa3, 0xfc,
  0xa2, 0xfc, 0xa3, 0xfc, 0xa2, 0xfc, 0xa3, 0xfc, 0xa2, 0xfc, 0xa3, 0xfc,
  0xa2, 0xfc, 0xa3, 0xfc, 0xa2, 0xfc, 0xa3, 0xfc, 0xa2, 0xfc, 0xa3, 0xfc,
  0xa2, 0xfc, 0x82, 0xfc, 0xa3, 0xf4, 0xe5, 0xfc, 0xdd, 0xff, 0xff, 0xff,
  0xff, 0xff, 0xff, 0xff, 0xff, 0xff, 0xff, 0xff, 0xff, 0xff, 0xff, 0xff,
  0xff, 0xff, 0xff, 0xff, 0xff, 0xff, 0xff, 0xf7, 0x96, 0xff, 0x2c, 0xd5,
  0x81, 0xfc, 0x82, 0xfc, 0xa3, 0xfc, 0xa3, 0xfc, 0x81, 0xfc, 0x61, 0xfc,
  0x81, 0xfc, 0xc3, 0xfc, 0x53, 0xee, 0x78, 0xff, 0xff, 0xff, 0xff, 0xf7,
  0xff, 0xff, 0xff, 0xff, 0xff, 0xff, 0xff, 0xff, 0xff, 0xff, 0xff, 0xff,
  0xff, 0xff, 0xff, 0xff, 0xff, 0xff, 0xff, 0xff, 0xff, 0xff, 0xff, 0xff,
  0xfe, 0xff, 0xde, 0xff, 0x05, 0xfd, 0x84, 0xf4, 0xa2, 0xfc, 0x82, 0xfc,
  0xa2, 0xfc, 0xa3, 0xfc, 0xa2, 0xfc, 0xa3, 0xfc, 0xa2, 0xfc, 0xa3, 0xfc,
  0xa2, 0xfc, 0xa3, 0xfc, 0xa2, 0xfc, 0xa3, 0xfc, 0xa2, 0xfc, 0xa3, 0xfc,
  0xa2, 0xfc, 0xa3, 0xfc, 0xa2, 0xfc, 0xa3, 0xfc, 0xa2, 0xfc, 0x83, 0xfc,
  0xa2, 0xfc, 0xa3, 0xfc, 0xe1, 0x28, 0x00, 0x00, 0x00, 0x00, 0x01, 0x00,
  0x00, 0x00, 0x00, 0x00, 0x00, 0x00, 0x00, 0x00, 0x01, 0x00, 0x20, 0x00,
  0x00, 0x08, 0x85, 0x72, 0xe3, 0xfc, 0x81, 0xfc, 0x83, 0xfc, 0xa2, 0xfc,
  0x82, 0xfc, 0xa2, 0xfc, 0x82, 0xfc, 0xa2, 0xfc, 0x82, 0xfc, 0xa2, 0xfc,
  0x82, 0xfc, 0xa2, 0xfc, 0x82, 0xfc, 0xa2, 0xfc, 0x82, 0xfc, 0xa2, 0xfc,
  0x82, 0xfc, 0xa2, 0xfc, 0x82, 0xfc, 0xa2, 0xfc, 0x82, 0xfc, 0xa2, 0xfc,
  0x82, 0xfc, 0xa2, 0xfc, 0x82, 0xfc, 0xa2, 0xfc, 0x82, 0xfc, 0xa2, 0xfc,
  0x82, 0xfc, 0xa2, 0xfc, 0x83, 0xfc, 0xa2, 0xfc, 0x82, 0xfc, 0xa1, 0xfc,
  0x85, 0xec, 0x88, 0xfd, 0xff, 0xff, 0xff, 0xff, 0xff, 0xff, 0xff, 0xff,
  0xff, 0xff, 0xff, 0xff, 0xff, 0xff, 0xff, 0xff, 0xff, 0xff, 0xff, 0xff,
  0xff, 0xf7, 0xff, 0xff, 0xf2, 0xfe, 0xc8, 0xdc, 0x81, 0xfc, 0x81, 0xfc,
  0x83, 0xfc, 0xa2, 0xfc, 0x83, 0xfc, 0xa2, 0xfc, 0x82, 0xfc, 0x81, 0xfc,
  0x41, 0xfc, 0xa2, 0xfc, 0x76, 0xee, 0xfb, 0xff, 0xff, 0xff, 0xff, 0xff,
  0xff, 0xff, 0xff, 0xff, 0xff, 0xff, 0xff, 0xff, 0xff, 0xff, 0xff, 0xff,
  0xff, 0xff, 0xff, 0xff, 0xff, 0xff, 0xff, 0xff, 0xff, 0xff, 0xff, 0xff,
  0x4e, 0xfe, 0x86, 0xe4, 0x81, 0xfc, 0x81, 0xfc, 0x83, 0xfc, 0xa2, 0xfc,
  0x82, 0xfc, 0xa2, 0xfc, 0x82, 0xfc, 0xa2, 0xfc, 0x82, 0xfc, 0xa2, 0xfc,
  0x82, 0xfc, 0xa2, 0xfc, 0x82, 0xfc, 0xa2, 0xfc, 0x82, 0xfc, 0xa2, 0xfc,
  0x82, 0xfc, 0xa2, 0xfc, 0x83, 0xfc, 0xa2, 0xfc, 0x61, 0xfc, 0x02, 0xfd,
  0x86, 0x6a, 0x00, 0x08, 0x01, 0x00, 0x00, 0x00, 0x00, 0x00, 0x00, 0x00,
  0x00, 0x00, 0x00, 0x00, 0x01, 0x00, 0x01, 0x00, 0x00, 0x20, 0xe9, 0xa3,
  0xe2, 0xfc, 0x81, 0xfc, 0xa2, 0xfc, 0x83, 0xfc, 0xa2, 0xfc, 0xa3, 0xfc,
  0xa2, 0xfc, 0xa3, 0xfc, 0xa2, 0xfc, 0xa3, 0xfc, 0xa2, 0xfc, 0xa3, 0xfc,
  0xa2, 0xfc, 0xa3, 0xfc, 0xa2, 0xfc, 0xa3, 0xfc, 0xa2, 0xfc, 0xa3, 0xfc,
  0xa2, 0xfc, 0xa3, 0xfc, 0xa2, 0xfc, 0xa3, 0xfc, 0xa2, 0xfc, 0xa3, 0xfc,
  0xa2, 0xfc, 0xa3, 0xfc, 0xa2, 0xfc, 0xa3, 0xfc, 0xa2, 0xfc, 0xa3, 0xfc,
  0xa2, 0xfc, 0x83, 0xfc, 0xa1, 0xfc, 0x82, 0xfc, 0x86, 0xe4, 0x2d, 0xfe,
  0xff, 0xff, 0xff, 0xf7, 0xff, 0xff, 0xff, 0xff, 0xff, 0xff, 0xff, 0xff,
  0xff, 0xff, 0xff, 0xff, 0xff, 0xff, 0xff, 0xff, 0xff, 0xff, 0xff, 0xff,
  0x4d, 0xfe, 0x87, 0xdc, 0xa1, 0xfc, 0x82, 0xfc, 0xa2, 0xfc, 0x83, 0xfc,
  0xa2, 0xfc, 0x83, 0xfc, 0xa3, 0xfc, 0x83, 0xfc, 0xa2, 0xfc, 0x82, 0xfc,
  0x84, 0xec, 0x88, 0xfd, 0xff, 0xff, 0xff, 0xff, 0xff, 0xff, 0xff, 0xff,
  0xff, 0xff, 0xff, 0xff, 0xff, 0xff, 0xff, 0xff, 0xff, 0xff, 0xff, 0xff,
  0xff, 0xff, 0xff, 0xff, 0xff, 0xff, 0xff, 0xff, 0x74, 0xff, 0xeb, 0xd4,
  0xa1, 0xfc, 0x81, 0xfc, 0xa2, 0xfc, 0x83, 0xfc, 0xa2, 0xfc, 0xa3, 0xfc,
  0xa2, 0xfc, 0xa3, 0xfc, 0xa2, 0xfc, 0xa3, 0xfc, 0xa2, 0xfc, 0xa3, 0xfc,
  0xa2, 0xfc, 0xa3, 0xfc, 0xa2, 0xfc, 0xa3, 0xfc, 0xa2, 0xfc, 0xa3, 0xfc,
  0xa2, 0xfc, 0x83, 0xfc, 0x81, 0xfc, 0xc2, 0xfc, 0xe9, 0xab, 0x00, 0x18,
  0x01, 0x00, 0x01, 0x00, 0x00, 0x00, 0x00, 0x00, 0x00, 0x00, 0x00, 0x00,
  0x01, 0x00, 0x00, 0x00, 0x40, 0x40, 0xaa, 0xd4, 0x81, 0xfc, 0x81, 0xfc,
  0x83, 0xfc, 0xa2, 0xfc, 0x82, 0xfc, 0xa2, 0xfc, 0x82, 0xfc, 0xa2, 0xfc,
  0x82, 0xfc, 0xa2, 0xfc, 0x82, 0xfc, 0xa2, 0xfc, 0x82, 0xfc, 0xa2, 0xfc,
  0x82, 0xfc, 0xa2, 0xfc, 0x82, 0xfc, 0xa2, 0xfc, 0x82, 0xfc, 0xa2, 0xfc,
  0x82, 0xfc, 0xa2, 0xfc, 0x82, 0xfc, 0xa2, 0xfc, 0x82, 0xfc, 0xa2, 0xfc,
  0x82, 0xfc, 0xa2, 0xfc, 0x82, 0xfc, 0xa2, 0xfc, 0x83, 0xfc, 0xa2, 0xfc,
  0x81, 0xfc, 0xa1, 0xfc, 0xa9, 0xdc, 0xf1, 0xfe, 0xff, 0xff, 0xff, 0xff,
  0xff, 0xff, 0xff, 0xff, 0xff, 0xff, 0xff, 0xff, 0xff, 0xff, 0xff, 0xff,
  0xff, 0xff, 0xff, 0xff, 0xff, 0xff, 0xff, 0xff, 0x68, 0xfd, 0x84, 0xec,
  0x82, 0xfc, 0xa1, 0xfc, 0x83, 0xfc, 0xa2, 0xfc, 0x82, 0xfc, 0xa2, 0xfc,
  0x82, 0xfc, 0xa2, 0xfc, 0x83, 0xfc, 0xa2, 0xfc, 0x81, 0xfc, 0x40, 0xfc,
  0xd1, 0xe5, 0xf9, 0xff, 0xff, 0xff, 0xff, 0xff, 0xff, 0xff, 0xff, 0xff,
  0xff, 0xff, 0xff, 0xff, 0xff, 0xff, 0xff, 0xff, 0xff, 0xff, 0xff, 0xff,
  0xff, 0xf7, 0xff, 0xff, 0xb8, 0xff, 0x6e, 0xdd, 0x61, 0xfc, 0xa1, 0xfc,
  0x83, 0xfc, 0xa2, 0xfc, 0x82, 0xfc, 0xa2, 0xfc, 0x82, 0xfc, 0xa2, 0xfc,
  0x82, 0xfc, 0xa2, 0xfc, 0x82, 0xfc, 0xa2, 0xfc, 0x82, 0xfc, 0xa2, 0xfc,
  0x82, 0xfc, 0xa2, 0xfc, 0x82, 0xfc, 0xa2, 0xfc, 0x83, 0xfc, 0xa2, 0xfc,
  0x81, 0xfc, 0xa1, 0xfc, 0xaa, 0xcc, 0x40, 0x40, 0x00, 0x00, 0x21, 0x00,
  0x00, 0x00, 0x00, 0x00, 0x00, 0x00, 0x00, 0x00, 0x21, 0x00, 0x00, 0x00,
  0x40, 0x69, 0x0a, 0xe5, 0x81, 0xfc, 0x81, 0xfc, 0xa2, 0xfc, 0x83, 0xfc,
  0xa2, 0xfc, 0xa3, 0xfc, 0xa2, 0xfc, 0xa3, 0xfc, 0xa2, 0xfc, 0xa3, 0xfc,
  0xa2, 0xfc, 0xa3, 0xfc, 0xa2, 0xfc, 0xa3, 0xfc, 0xa2, 0xfc, 0xa3, 0xfc,
  0xa2, 0xfc, 0xa3, 0xfc, 0xa2, 0xfc, 0xa3, 0xfc, 0xa2, 0xfc, 0xa3, 0xfc,
  0xa2, 0xfc, 0xa3, 0xfc, 0xa2, 0xfc, 0xa3, 0xfc, 0xa2, 0xfc, 0xa3, 0xfc,
  0xa2, 0xfc, 0xa3, 0xfc, 0xa2, 0xfc, 0xa3, 0xfc, 0xa1, 0xfc, 0x81, 0xfc,
  0x2c, 0xdd, 0x96, 0xff, 0xff, 0xff, 0xff, 0xf7, 0xff, 0xff, 0xff, 0xff,
  0xff, 0xff, 0xff, 0xff, 0xff, 0xff, 0xff, 0xff, 0xff, 0xff, 0xff, 0xff,
  0xfe, 0xff, 0xde, 0xff, 0xe4, 0xfc, 0x84, 0xf4, 0xa2, 0xfc, 0x82, 0xfc,
  0xa2, 0xfc, 0xa3, 0xfc, 0xa2, 0xfc, 0xa3, 0xfc, 0xa2, 0xfc, 0xa3, 0xfc,
  0xa2, 0xfc, 0x83, 0xfc, 0xa1, 0xfc, 0xa2, 0xfc, 0xa7, 0xdc, 0x8f, 0xfe,
  0xff, 0xff, 0xff, 0xf7, 0xff, 0xff, 0xff, 0xff, 0xff, 0xff, 0xff, 0xff,
  0xff, 0xff, 0xff, 0xff, 0xff, 0xff, 0xff, 0xff, 0xff, 0xff, 0xff, 0xf7,
  0xf9, 0xff, 0xd1, 0xdd, 0x60, 0xfc, 0x82, 0xfc, 0xa2, 0xfc, 0x83, 0xfc,
  0xa2, 0xfc, 0xa3, 0xfc, 0xa2, 0xfc, 0xa3, 0xfc, 0xa2, 0xfc, 0xa3, 0xfc,
  0xa2, 0xfc, 0xa3, 0xfc, 0xa2, 0xfc, 0xa3, 0xfc, 0xa2, 0xfc, 0xa3, 0xfc,
  0xa2, 0xfc, 0xa3, 0xfc, 0xa2, 0xfc, 0x83, 0xfc, 0xa1, 0xfc, 0x81, 0xfc,
  0x2a, 0xed, 0x20, 0x69, 0x00, 0x00, 0x01, 0x00, 0x00, 0x00, 0x00, 0x00,
  0x00, 0x00, 0x00, 0x00, 0x01, 0x00, 0x00, 0x00, 0x00, 0x92, 0x28, 0xf5,
  0x61, 0xfc, 0x81, 0xfc, 0x83, 0xfc, 0xa2, 0xfc, 0x82, 0xfc, 0xa2, 0xfc,
  0x82, 0xfc, 0xa2, 0xfc, 0x82, 0xfc, 0xa2, 0xfc, 0x82, 0xfc, 0xa2, 0xfc,
  0x82, 0xfc, 0xa2, 0xfc, 0x82, 0xfc, 0xa2, 0xfc, 0x82, 0xfc, 0xa2, 0xfc,
  0x82, 0xfc, 0xa2, 0xfc, 0x82, 0xfc, 0xa2, 0xfc, 0x82, 0xfc, 0xa2, 0xfc,
  0x82, 0xfc, 0xa2, 0xfc, 0x82, 0xfc, 0xa2, 0xfc, 0x82, 0xfc, 0xa2, 0xfc,
  0x83, 0xfc, 0xa2, 0xfc, 0x81, 0xfc, 0x60, 0xfc, 0xb1, 0xdd, 0xf9, 0xff,
  0xff, 0xf7, 0xff, 0xff, 0xff, 0xff, 0xff, 0xff, 0xff, 0xff, 0xff, 0xff,
  0xff, 0xff, 0xff, 0xff, 0xff, 0xff, 0xff, 0xff, 0xfd, 0xff, 0x5a, 0xff,
  0x82, 0xfc, 0xa2, 0xfc, 0x82, 0xfc, 0xa2, 0xfc, 0x82, 0xfc, 0xa2, 0xfc,
  0x82, 0xfc, 0xa2, 0xfc, 0x82, 0xfc, 0xa2, 0xfc, 0x83, 0xfc, 0xa2, 0xfc,
  0x82, 0xfc, 0xa1, 0xfc, 0x85, 0xec, 0x68, 0xfd, 0xff, 0xff, 0xff, 0xff,
  0xff, 0xff, 0xff, 0xff, 0xff, 0xff, 0xff, 0xff, 0xff, 0xff, 0xff, 0xff,
  0xff, 0xff, 0xff, 0xff, 0xff, 0xf7, 0xff, 0xff, 0xfa, 0xff, 0xf1, 0xe5,
  0x61, 0xfc, 0xa1, 0xfc, 0x83, 0xfc, 0xa2, 0xfc, 0x82, 0xfc, 0xa2, 0xfc,
  0x82, 0xfc, 0xa2, 0xfc, 0x82, 0xfc, 0xa2, 0xfc, 0x82, 0xfc, 0xa2, 0xfc,
  0x82, 0xfc, 0xa2, 0xfc, 0x82, 0xfc, 0xa2, 0xfc, 0x82, 0xfc, 0xa2, 0xfc,
  0x83, 0xfc, 0xa2, 0xfc, 0x81, 0xfc, 0x80, 0xfc, 0x09, 0xf5, 0x00, 0x92,
  0x00, 0x00, 0x20, 0x00, 0x00, 0x00, 0x00, 0x00, 0x00, 0x00, 0x00, 0x00,
  0x20, 0x00, 0x00, 0x00, 0x20, 0xbb, 0x07, 0xf5, 0x81, 0xfc, 0x82, 0xfc,
  0xa2, 0xfc, 0xa3, 0xfc, 0xa2, 0xfc, 0xa3, 0xfc, 0xa2, 0xfc, 0xa3, 0xfc,
  0xa2, 0xfc, 0xa3, 0xfc, 0xa2, 0xfc, 0xa3, 0xfc, 0xa2, 0xfc, 0xa3, 0xfc,
  0xa2, 0xfc, 0xa3, 0xfc, 0xa2, 0xfc, 0xa3, 0xfc, 0xa2, 0xfc, 0xa3, 0xfc,
  0xa2, 0xfc, 0xa3, 0xfc, 0xa2, 0xfc, 0xa3, 0xfc, 0xa2, 0xfc, 0xa3, 0xfc,
  0xa2, 0xfc, 0xa3, 0xfc, 0xa2, 0xfc, 0xa3, 0xfc, 0xa2, 0xfc, 0x83, 0xfc,
  0xa2, 0xfc, 0x61, 0xfc, 0x95, 0xee, 0xfc, 0xff, 0xff, 0xff, 0xff, 0xf7,
  0xff, 0xff, 0xff, 0xff, 0xff, 0xff, 0xff, 0xff, 0xff, 0xff, 0xff, 0xff,
  0xff, 0xff, 0xff, 0xf7, 0xfc, 0xff, 0x96, 0xee, 0x61, 0xfc, 0xa2, 0xfc,
  0xa2, 0xfc, 0x83, 0xfc, 0xa2, 0xfc, 0xa3, 0xfc, 0xa2, 0xfc, 0xa3, 0xfc,
  0xa2, 0xfc, 0xa3, 0xfc, 0xa2, 0xfc, 0xa3, 0xfc, 0xa2, 0xfc, 0x82, 0xfc,
  0xa4, 0xf4, 0x06, 0xfd, 0xfe, 0xff, 0xff, 0xff, 0xff, 0xff, 0xff, 0xff,
  0xff, 0xff, 0xff, 0xff, 0xff, 0xff, 0xff, 0xff, 0xff, 0xff, 0xff, 0xff,
  0xff, 0xff, 0xff, 0xf7, 0xf9, 0xff, 0xb1, 0xdd, 0x60, 0xfc, 0x82, 0xfc,
  0xa2, 0xfc, 0x83, 0xfc, 0xa2, 0xfc, 0xa3, 0xfc, 0xa2, 0xfc, 0xa3, 0xfc,
  0xa2, 0xfc, 0xa3, 0xfc, 0xa2, 0xfc, 0xa3, 0xfc, 0xa2, 0xfc, 0xa3, 0xfc,
  0xa2, 0xfc, 0xa3, 0xfc, 0xa2, 0xfc, 0xa3, 0xfc, 0xa2, 0xfc, 0x83, 0xfc,
  0xa2, 0xfc, 0x82, 0xfc, 0x06, 0xfd, 0x40, 0xc3, 0x00, 0x00, 0x00, 0x00,
  0x00, 0x00, 0x00, 0x00, 0x00, 0x00, 0x00, 0x00, 0x00, 0x00, 0x00, 0x00,
  0xc1, 0xd3, 0xe5, 0xfc, 0x82, 0xfc, 0x81, 0xfc, 0x82, 0xfc, 0xa2, 0xfc,
  0x82, 0xfc, 0xa2, 0xfc, 0x82, 0xfc, 0xa2, 0xfc, 0x82, 0xfc, 0xa2, 0xfc,
  0x82, 0xfc, 0xa2, 0xfc, 0x82, 0xfc, 0xa2, 0xfc, 0x82, 0xfc, 0xa2, 0xfc,
  0x82, 0xfc, 0xa2, 0xfc, 0x82, 0xfc, 0xa2, 0xfc, 0x82, 0xfc, 0xa2, 0xfc,
  0x82, 0xfc, 0xa2, 0xfc, 0x82, 0xfc, 0xa2, 0xfc, 0x82, 0xfc, 0xa2, 0xfc,
  0x82, 0xfc, 0xa2, 0xfc, 0x82, 0xfc, 0xa2, 0xfc, 0x83, 0xfc, 0x82, 0xfc,
  0x3a, 0xf7, 0xfd, 0xff, 0xff, 0xff, 0xff, 0xff, 0xff, 0xff, 0xff, 0xff,
  0xff, 0xff, 0xff, 0xff, 0xff, 0xff, 0xff, 0xff, 0xff, 0xff, 0xff, 0xff,
  0xfa, 0xff, 0xd1, 0xe5, 0x61, 0xfc, 0xa1, 0xfc, 0x83, 0xfc, 0xa2, 0xfc,
  0x82, 0xfc, 0xa2, 0xfc, 0x82, 0xfc, 0xa2, 0xfc, 0x82, 0xfc, 0xa2, 0xfc,
  0x82, 0xfc, 0xa2, 0xfc, 0x82, 0xfc, 0x81, 0xfc, 0x84, 0xf4, 0x26, 0xfd,
  0xdf, 0xff, 0xfe, 0xff, 0xff, 0xff, 0xff, 0xff, 0xff, 0xff, 0xff, 0xff,
  0xff, 0xff, 0xff, 0xff, 0xff, 0xff, 0xff, 0xff, 0xff, 0xf7, 0xff, 0xff,
  0xb8, 0xff, 0x6e, 0xdd, 0x61, 0xfc, 0xa1, 0xfc, 0x83, 0xfc, 0xa2, 0xfc,
  0x82, 0xfc, 0xa2, 0xfc, 0x82, 0xfc, 0xa2, 0xfc, 0x82, 0xfc, 0xa2, 0xfc,
  0x82, 0xfc, 0xa2, 0xfc, 0x82, 0xfc, 0xa2, 0xfc, 0x82, 0xfc, 0xa2, 0xfc,
  0x82, 0xfc, 0xa2, 0xfc, 0x82, 0xfc, 0xa2, 0xfc, 0x82, 0xfc, 0x81, 0xfc,
  0xc5, 0xfc, 0xe1, 0xe3, 0x00, 0x00, 0x00, 0x00, 0x00, 0x00, 0x00, 0x00,
  0x00, 0x00, 0x00, 0x00, 0x00, 0x00, 0x61, 0x10, 0x62, 0xf4, 0xa4, 0xfc,
  0xa2, 0xfc, 0x82, 0xfc, 0xa2, 0xfc, 0xa3, 0xfc, 0xa2, 0xfc, 0xa3, 0xfc,
  0xa2, 0xfc, 0xa3, 0xfc, 0xa2, 0xfc, 0xa3, 0xfc, 0xa2, 0xfc, 0xa3, 0xfc,
  0xa2, 0xfc, 0xa3, 0xfc, 0xa2, 0xfc, 0xa3, 0xfc, 0xa2, 0xfc, 0xa3, 0xfc,
  0xa2, 0xfc, 0xa3, 0xfc, 0xa2, 0xfc, 0xa3, 0xfc, 0xa2, 0xfc, 0xa3, 0xfc,
  0xa2, 0xfc, 0xa3, 0xfc, 0xa2, 0xfc, 0xa3, 0xfc, 0xa2, 0xfc, 0xa3, 0xfc,
  0xa2, 0xfc, 0x82, 0xfc, 0xa3, 0xfc, 0xc4, 0xfc, 0xdd, 0xff, 0xff, 0xff,
  0xff, 0xff, 0xff, 0xff, 0xff, 0xff, 0xff, 0xff, 0xff, 0xff, 0xff, 0xff,
  0xff, 0xff, 0xff, 0xff, 0xff, 0xff, 0xff, 0xf7, 0xb6, 0xff, 0x2d, 0xd5,
  0x81, 0xfc, 0x81, 0xfc, 0xa3, 0xfc, 0x83, 0xfc, 0xa2, 0xfc, 0xa3, 0xfc,
  0xa2, 0xfc, 0xa3, 0xfc, 0xa2, 0xfc, 0xa3, 0xfc, 0xa2, 0xfc, 0x83, 0xfc,
  0xa2, 0xfc, 0xa2, 0xfc, 0x84, 0xec, 0x68, 0xfd, 0xff, 0xff, 0xff, 0xff,
  0xff, 0xff, 0xff, 0xff, 0xff, 0xff, 0xff, 0xff, 0xff, 0xff, 0xff, 0xff,
  0xff, 0xff, 0xff, 0xff, 0xff, 0xff, 0xff, 0xf7, 0x75, 0xff, 0x0c, 0xd5,
  0x81, 0xfc, 0x81, 0xfc, 0xa3, 0xfc, 0x83, 0xfc, 0xa2, 0xfc, 0xa3, 0xfc,
  0xa2, 0xfc, 0xa3, 0xfc, 0xa2, 0xfc, 0xa3, 0xfc, 0xa2, 0xfc, 0xa3, 0xfc,
  0xa2, 0xfc, 0xa3, 0xfc, 0xa2, 0xfc, 0xa3, 0xfc, 0xa2, 0xfc, 0xa3, 0xfc,
  0xa2, 0xfc, 0xa3, 0xfc, 0xa2, 0xfc, 0x82, 0xfc, 0xa3, 0xfc, 0x83, 0xf4,
  0xa0, 0x18, 0x00, 0x00, 0x00, 0x00, 0x00, 0x00, 0x00, 0x00, 0x00, 0x00,
  0x00, 0x00, 0xa0, 0x20, 0x83, 0xfc, 0xa3, 0xfc, 0x82, 0xfc, 0xa2, 0xfc,
  0x83, 0xfc, 0xa2, 0xfc, 0x82, 0xfc, 0xa2, 0xfc, 0x82, 0xfc, 0xa2, 0xfc,
  0x82, 0xfc, 0xa2, 0xfc, 0x82, 0xfc, 0xa2, 0xfc, 0x82, 0xfc, 0xa2, 0xfc,
  0x82, 0xfc, 0xa2, 0xfc, 0x82, 0xfc, 0xa2, 0xfc, 0x82, 0xfc, 0xa2, 0xfc,
  0x82, 0xfc, 0xa2, 0xfc, 0x82, 0xfc, 0xa2, 0xfc, 0x82, 0xfc, 0xa2, 0xfc,
  0x82, 0xfc, 0xa2, 0xfc, 0x83, 0xfc, 0xa2, 0xfc, 0x82, 0xfc, 0xa1, 0xfc,
  0x84, 0xec, 0x67, 0xfd, 0xff, 0xff, 0xff, 0xff, 0xff, 0xff, 0xff, 0xff,
  0xff, 0xff, 0xff, 0xff, 0xff, 0xff, 0xff, 0xff, 0xff, 0xff, 0xff, 0xff,
  0xff, 0xf7, 0xff, 0xff, 0x13, 0xff, 0xc9, 0xdc, 0x81, 0xfc, 0x81, 0xfc,
  0x83, 0xfc, 0xa2, 0xfc, 0x82, 0xfc, 0xa2, 0xfc, 0x82, 0xfc, 0xa2, 0xfc,
  0x82, 0xfc, 0xa2, 0xfc, 0x83, 0xfc, 0xa2, 0xfc, 0x81, 0xfc, 0xa1, 0xfc,
  0x66, 0xdc, 0x4d, 0xfe, 0xff, 0xff, 0xff, 0xff, 0xff, 0xff, 0xff, 0xff,
  0xff, 0xff, 0xff, 0xff, 0xff, 0xff, 0xff, 0xff, 0xff, 0xff, 0xff, 0xff,
  0xff, 0xf7, 0xff, 0xff, 0xd1, 0xfe, 0xa8, 0xdc, 0x81, 0xfc, 0x81, 0xfc,
  0x83, 0xfc, 0xa2, 0xfc, 0x82, 0xfc, 0xa2, 0xfc, 0x82, 0xfc, 0xa2, 0xfc,
  0x82, 0xfc, 0xa2, 0xfc, 0x82, 0xfc, 0xa2, 0xfc, 0x82, 0xfc, 0xa2, 0xfc,
  0x82, 0xfc, 0xa2, 0xfc, 0x82, 0xfc, 0xa2, 0xfc, 0x83, 0xfc, 0xa2, 0xfc,
  0x82, 0xfc, 0x82, 0xfc, 0x83, 0xfc, 0xa3, 0xfc, 0xe1, 0x28, 0x00, 0x00,
  0x00, 0x00, 0x00, 0x00, 0x00, 0x00, 0x01, 0x00, 0x00, 0x00, 0x63, 0x39,
  0xe3, 0xfc, 0x82, 0xfc, 0xa2, 0xfc, 0xa3, 0xfc, 0xa2, 0xfc, 0xa3, 0xfc,
  0xa2, 0xfc, 0x83, 0xfc, 0xa2, 0xfc, 0x83, 0xfc, 0xa2, 0xfc, 0x83, 0xfc,
  0xa2, 0xfc, 0x83, 0xfc, 0xa2, 0xfc, 0x83, 0xfc, 0xa2, 0xfc, 0x83, 0xfc,
  0xa2, 0xfc, 0x83, 0xfc, 0xa2, 0xfc, 0x83, 0xfc, 0xa2, 0xfc, 0x83, 0xfc,
  0xa2, 0xfc, 0x83, 0xfc, 0xa2, 0xfc, 0x83, 0xfc, 0xa2, 0xfc, 0x83, 0xfc,
  0xa2, 0xfc, 0x83, 0xfc, 0xa1, 0xfc, 0x82, 0xfc, 0xa6, 0xe4, 0x0c, 0xfe,
  0xff, 0xff, 0xff, 0xf7, 0xff, 0xff, 0xff, 0xff, 0xff, 0xff, 0xff, 0xff,
  0xff, 0xff, 0xff, 0xff, 0xff, 0xff, 0xff, 0xff, 0xff, 0xff, 0xff, 0xff,
  0x2b, 0xfe, 0x45, 0xdc, 0x80, 0xfc, 0x81, 0xfc, 0xa3, 0xfc, 0xa3, 0xfc,
  0xa2, 0xfc, 0xa3, 0xfc, 0xa2, 0xfc, 0xa3, 0xfc, 0xa2, 0xfc, 0xa3, 0xfc,
  0xa3, 0xfc, 0xa3, 0xfc, 0xa1, 0xfc, 0x40, 0xfc, 0x8e, 0xdd, 0xb8, 0xff,
  0xff, 0xff, 0xff, 0xf7, 0xff, 0xff, 0xff, 0xff, 0xff, 0xff, 0xff, 0xff,
  0xff, 0xff, 0xff, 0xff, 0xff, 0xff, 0xff, 0xff, 0xff, 0xff, 0xff, 0xff,
  0xea, 0xfd, 0x86, 0xe4, 0xa1, 0xfc, 0x82, 0xfc, 0xa2, 0xfc, 0x83, 0xfc,
  0xa2, 0xfc, 0x83, 0xfc, 0xa2, 0xfc, 0x83, 0xfc, 0xa2, 0xfc, 0x83, 0xfc,
  0xa2, 0xfc, 0x83, 0xfc, 0xa2, 0xfc, 0x83, 0xfc, 0xa2, 0xfc, 0x83, 0xfc,
  0xa2, 0xfc, 0x83, 0xfc, 0xa2, 0xfc, 0xa3, 0xfc, 0xa2, 0xfc, 0xa3, 0xfc,
  0x81, 0xfc, 0xe4, 0xfc, 0xe3, 0x51, 0x00, 0x00, 0x20, 0x00, 0x01, 0x00,
  0x01, 0x00, 0x00, 0x00, 0x00, 0x00, 0xe3, 0x51, 0xe3, 0xfc, 0x81, 0xfc,
  0x82, 0xfc, 0xa2, 0xfc, 0x82, 0xfc, 0xa2, 0xfc, 0x82, 0xfc, 0xa2, 0xfc,
  0x82, 0xfc, 0xa2, 0xfc, 0x82, 0xfc, 0xa2, 0xfc, 0x82, 0xfc, 0xa2, 0xfc,
  0x82, 0xfc, 0xa2, 0xfc, 0x82, 0xfc, 0xa2, 0xfc, 0x82, 0xfc, 0xa2, 0xfc,
  0x82, 0xfc, 0xa2, 0xfc, 0x82, 0xfc, 0xa2, 0xfc, 0x82, 0xfc, 0xa2, 0xfc,
  0x82, 0xfc, 0xa2, 0xfc, 0x82, 0xfc, 0xa2, 0xfc, 0x83, 0xfc, 0xa2, 0xfc,
  0x81, 0xfc, 0xa1, 0xfc, 0xa8, 0xdc, 0xd0, 0xfe, 0xff, 0xff, 0xff, 0xff,
  0xff, 0xff, 0xff, 0xff, 0xff, 0xff, 0xff, 0xff, 0xff, 0xff, 0xff, 0xff,
  0xff, 0xff, 0xff, 0xff, 0xff, 0xff, 0xff, 0xff, 0xf5, 0xfe, 0xf0, 0xed,
  0x05, 0xfd, 0xa3, 0xfc, 0x61, 0xfc, 0x60, 0xfc, 0x61, 0xfc, 0x81, 0xfc,
  0x82, 0xfc, 0x82, 0xfc, 0x82, 0xfc, 0x82, 0xfc, 0x61, 0xfc, 0x60, 0xfc,
  0x63, 0xf4, 0x46, 0xfd, 0xbe, 0xff, 0xfe, 0xff, 0xff, 0xff, 0xff, 0xff,
  0xff, 0xff, 0xff, 0xff, 0xff, 0xff, 0xff, 0xff, 0xff, 0xff, 0xff, 0xff,
  0xff, 0xff, 0xff, 0xff, 0xfe, 0xff, 0xdd, 0xff, 0xc4, 0xfc, 0xa3, 0xfc,
  0x82, 0xfc, 0xa2, 0xfc, 0x82, 0xfc, 0xa2, 0xfc, 0x82, 0xfc, 0xa2, 0xfc,
  0x82, 0xfc, 0xa2, 0xfc, 0x82, 0xfc, 0xa2, 0xfc, 0x82, 0xfc, 0xa2, 0xfc,
  0x82, 0xfc, 0xa2, 0xfc, 0x82, 0xfc, 0xa2, 0xfc, 0x82, 0xfc, 0xa2, 0xfc,
  0x82, 0xfc, 0xa2, 0xfc, 0x82, 0xfc, 0xa2, 0xfc, 0x82, 0xfc, 0xe3, 0xfc,
  0xc4, 0x49, 0x00, 0x08, 0x01, 0x00, 0x00, 0x00, 0x00, 0x00, 0x01, 0x00,
  0x00, 0x00, 0xa3, 0x41, 0x03, 0xfd, 0x82, 0xfc, 0xa2, 0xfc, 0xa3, 0xfc,
  0xa2, 0xfc, 0xa3, 0xfc, 0xa2, 0xfc, 0xa3, 0xfc, 0xa2, 0xfc, 0xa3, 0xfc,
  0xa2, 0xfc, 0xa3, 0xfc, 0xa2, 0xfc, 0xa3, 0xfc, 0xa2, 0xfc, 0xa3, 0xfc,
  0xa2, 0xfc, 0xa3, 0xfc, 0xa2, 0xfc, 0xa3, 0xfc, 0xa2, 0xfc, 0xa3, 0xfc,
  0xa2, 0xfc, 0xa3, 0xfc, 0xa2, 0xfc, 0xa3, 0xfc, 0xa2, 0xfc, 0xa3, 0xfc,
  0xa2, 0xfc, 0xa3, 0xfc, 0xa2, 0xfc, 0x83, 0xfc, 0xa1, 0xfc, 0x81, 0xfc,
  0x0c, 0xdd, 0x76, 0xff, 0xff, 0xff, 0xff, 0xf7, 0xff, 0xff, 0xff, 0xff,
  0xff, 0xff, 0xff, 0xff, 0xff, 0xff, 0xff, 0xff, 0xff, 0xff, 0xff, 0xff,
  0xff, 0xff, 0xff, 0xff, 0xff, 0xff, 0xff, 0xff, 0xfe, 0xff, 0x9d, 0xf7,
  0xd3, 0xfe, 0x32, 0xf6, 0x89, 0xfd, 0x08, 0xf5, 0xe4, 0xfc, 0xa4, 0xfc,
  0xa3, 0xfc, 0xa3, 0xfc, 0x07, 0xfd, 0x89, 0xfd, 0xf8, 0xee, 0xdc, 0xff,
  0xff, 0xff, 0xff, 0xf7, 0xff, 0xff, 0xff, 0xff, 0xff, 0xff, 0xff, 0xff,
  0xff, 0xff, 0xff, 0xff, 0xff, 0xff, 0xff, 0xff, 0xff, 0xff, 0xff, 0xf7,
  0xfb, 0xff, 0x55, 0xe6, 0x61, 0xfc, 0xa2, 0xfc, 0xa2, 0xfc, 0x83, 0xfc,
  0xa2, 0xfc, 0xa3, 0xfc, 0xa2, 0xfc, 0xa3, 0xfc, 0xa2, 0xfc, 0xa3, 0xfc,
  0xa2, 0xfc, 0xa3, 0xfc, 0xa2, 0xfc, 0xa3, 0xfc, 0xa2, 0xfc, 0xa3, 0xfc,
  0xa2, 0xfc, 0xa3, 0xfc, 0xa2, 0xfc, 0xa3, 0xfc, 0xa2, 0xfc, 0xa3, 0xfc,
  0xa2, 0xfc, 0x83, 0xfc, 0x81, 0xfc, 0xe3, 0xfc, 0xe6, 0x7a, 0x00, 0x08,
  0x21, 0x00, 0x01, 0x00, 0x01, 0x00, 0x20, 0x00, 0x00, 0x08, 0x85, 0x72,
  0xe3, 0xfc, 0x81, 0xfc, 0x83, 0xfc, 0xa2, 0xfc, 0x82, 0xfc, 0xa2, 0xfc,
  0x82, 0xfc, 0xa2, 0xfc, 0x82, 0xfc, 0xa2, 0xfc, 0x82, 0xfc, 0xa2, 0xfc,
  0x82, 0xfc, 0xa2, 0xfc, 0x82, 0xfc, 0xa2, 0xfc, 0x82, 0xfc, 0xa2, 0xfc,
  0x82, 0xfc, 0xa2, 0xfc, 0x82, 0xfc, 0xa2, 0xfc, 0x82, 0xfc, 0xa2, 0xfc,
  0x82, 0xfc, 0xa2, 0xfc, 0x82, 0xfc, 0xa2, 0xfc, 0x82, 0xfc, 0xa2, 0xfc,
  0x83, 0xfc, 0xa2, 0xfc, 0x81, 0xfc, 0x60, 0xfc, 0x90, 0xdd, 0xd8, 0xff,
  0xff, 0xf7, 0xff, 0xff, 0xff, 0xff, 0xff, 0xff, 0xff, 0xff, 0xff, 0xff,
  0xff, 0xff, 0xff, 0xff, 0xff, 0xff, 0xff, 0xff, 0xff, 0xff, 0xff, 0xff,
  0xff, 0xff, 0xff, 0xff, 0xff, 0xff, 0xff, 0xff, 0xff, 0xff, 0xff, 0xff,
  0xff, 0xff, 0xff, 0xff, 0xbd, 0xff, 0x9c, 0xff, 0x7c, 0xff, 0x9b, 0xff,
  0xdf, 0xff, 0xff, 0xff, 0xff, 0xff, 0xff, 0xff, 0xff, 0xff, 0xff, 0xff,
  0xff, 0xff, 0xff, 0xff, 0xff, 0xff, 0xff, 0xff, 0xff, 0xff, 0xff, 0xff,
  0xff, 0xff, 0xff, 0xff, 0xff, 0xf7, 0xff, 0xff, 0x13, 0xff, 0xe9, 0xdc,
  0x81, 0xfc, 0xa1, 0xfc, 0x83, 0xfc, 0xa2, 0xfc, 0x82, 0xfc, 0xa2, 0xfc,
  0x82, 0xfc, 0xa2, 0xfc, 0x82, 0xfc, 0xa2, 0xfc, 0x82, 0xfc, 0xa2, 0xfc,
  0x82, 0xfc, 0xa2, 0xfc, 0x82, 0xfc, 0xa2, 0xfc, 0x82, 0xfc, 0xa2, 0xfc,
  0x82, 0xfc, 0xa2, 0xfc, 0x82, 0xfc, 0xa2, 0xfc, 0x83, 0xfc, 0xa2, 0xfc,
  0x61, 0xfc, 0xe2, 0xfc, 0x07, 0x83, 0x00, 0x10, 0x01, 0x00, 0x00, 0x00,
  0x01, 0x00, 0x01, 0x00, 0x00, 0x10, 0x28, 0x83, 0xe2, 0xfc, 0x61, 0xfc,
  0xa2, 0xfc, 0x83, 0xfc, 0xa2, 0xfc, 0xa3, 0xfc, 0xa2, 0xfc, 0xa3, 0xfc,
  0xa2, 0xfc, 0xa3, 0xfc, 0xa2, 0xfc, 0xa3, 0xfc, 0xa2, 0xfc, 0xa3, 0xfc,
  0xa2, 0xfc, 0xa3, 0xfc, 0xa2, 0xfc, 0xa3, 0xfc, 0xa2, 0xfc, 0xa3, 0xfc,
  0xa2, 0xfc, 0xa3, 0xfc, 0xa2, 0xfc, 0xa3, 0xfc, 0xa2, 0xfc, 0xa3, 0xfc,
  0xa2, 0xfc, 0xa3, 0xfc, 0xa2, 0xfc, 0xa3, 0xfc, 0xa2, 0xfc, 0xa3, 0xfc,
  0xa1, 0xfc, 0x61, 0xfc, 0x75, 0xee, 0xfc, 0xff, 0xff, 0xff, 0xff, 0xf7,
  0xff, 0xff, 0xff, 0xff, 0xff, 0xff, 0xff, 0xff, 0xff, 0xff, 0xff, 0xff,
  0xff, 0xff, 0xff, 0xff, 0xff, 0xff, 0xff, 0xff, 0xff, 0xff, 0xff, 0xff,
  0xff, 0xff, 0xff, 0xff, 0xff, 0xff, 0xff, 0xff, 0xff, 0xff, 0xff, 0xff,
  0xff, 0xff, 0xff, 0xff, 0xff, 0xff, 0xff, 0xff, 0xff, 0xff, 0xff, 0xff,
  0xff, 0xff, 0xff, 0xff, 0xff, 0xff, 0xff, 0xff, 0xff, 0xff, 0xff, 0xff,
  0xff, 0xff, 0xff, 0xff, 0xff, 0xff, 0xff, 0xff, 0xff, 0xff, 0xff, 0xff,
  0xff, 0xff, 0x7c, 0xf7, 0xe3, 0xfc, 0x83, 0xf4, 0xa2, 0xfc, 0x82, 0xfc,
  0xa2, 0xfc, 0xa3, 0xfc, 0xa2, 0xfc, 0xa3, 0xfc, 0xa2, 0xfc, 0xa3, 0xfc,
  0xa2, 0xfc, 0xa3, 0xfc, 0xa2, 0xfc, 0xa3, 0xfc, 0xa2, 0xfc, 0xa3, 0xfc,
  0xa2, 0xfc, 0xa3, 0xfc, 0xa2, 0xfc, 0xa3, 0xfc, 0xa2, 0xfc, 0xa3, 0xfc,
  0xa2, 0xfc, 0xa3, 0xfc, 0xa2, 0xfc, 0x83, 0xfc, 0x81, 0xfc, 0xe3, 0xfc,
  0x27, 0x83, 0x00, 0x08, 0x21, 0x00, 0x01, 0x00, 0x01, 0x00, 0x21, 0x00,
  0x00, 0x08, 0x06, 0x83, 0xe3, 0xfc, 0x80, 0xfc, 0x83, 0xfc, 0xa2, 0xfc,
  0x82, 0xfc, 0xa2, 0xfc, 0x82, 0xfc, 0xa2, 0xfc, 0x82, 0xfc, 0xa2, 0xfc,
  0x82, 0xfc, 0xa2, 0xfc, 0x82, 0xfc, 0xa2, 0xfc, 0x82, 0xfc, 0xa2, 0xfc,
  0x82, 0xfc, 0xa2, 0xfc, 0x82, 0xfc, 0xa2, 0xfc, 0x82, 0xfc, 0xa2, 0xfc,
  0x82, 0xfc, 0xa2, 0xfc, 0x82, 0xfc, 0xa2, 0xfc, 0x82, 0xfc, 0xa2, 0xfc,
  0x82, 0xfc, 0xa2, 0xfc, 0x82, 0xfc, 0xa2, 0xfc, 0xa2, 0xfc, 0x81, 0xfc,
  0x19, 0xf7, 0xfd, 0xff, 0xff, 0xff, 0xff, 0xff, 0xff, 0xff, 0xff, 0xff,
  0xff, 0xff, 0xff, 0xff, 0xff, 0xff, 0xff, 0xff, 0xff, 0xff, 0xff, 0xff,
  0xff, 0xff, 0xff, 0xff, 0xff, 0xff, 0xff, 0xff, 0xff, 0xff, 0xff, 0xff,
  0xff, 0xff, 0xff, 0xff, 0xff, 0xff, 0xff, 0xff, 0xff, 0xff, 0xff, 0xff,
  0xff, 0xff, 0xff, 0xff, 0xff, 0xff, 0xff, 0xff, 0xff, 0xff, 0xff, 0xff,
  0xff, 0xff, 0xff, 0xff, 0xff, 0xff, 0xff, 0xff, 0xff, 0xff, 0xff, 0xff,
  0xff, 0xff, 0xff, 0xff, 0xff, 0xff, 0xff, 0xff, 0xb0, 0xfe, 0xe9, 0xe4,
  0x61, 0xfc, 0xa1, 0xfc, 0x83, 0xfc, 0xa2, 0xfc, 0x82, 0xfc, 0xa2, 0xfc,
  0x82, 0xfc, 0xa2, 0xfc, 0x82, 0xfc, 0xa2, 0xfc, 0x82, 0xfc, 0xa2, 0xfc,
  0x82, 0xfc, 0xa2, 0xfc, 0x82, 0xfc, 0xa2, 0xfc, 0x82, 0xfc, 0xa2, 0xfc,
  0x82, 0xfc, 0xa2, 0xfc, 0x82, 0xfc, 0xa2, 0xfc, 0x82, 0xfc, 0xa2, 0xfc,
  0x83, 0xfc, 0xa2, 0xfc, 0x61, 0xfc, 0xe2, 0xfc, 0x07, 0x83, 0x00, 0x10,
  0x01, 0x00, 0x00, 0x00, 0x00, 0x00, 0x01, 0x00, 0x00, 0x10, 0x07, 0x83,
  0xe2, 0xfc, 0x61, 0xfc, 0xa2, 0xfc, 0x83, 0xfc, 0xa2, 0xfc, 0xa3, 0xfc,
  0xa2, 0xfc, 0xa3, 0xfc, 0xa2, 0xfc, 0xa3, 0xfc, 0xa2, 0xfc, 0xa3, 0xfc,
  0xa2, 0xfc, 0xa3, 0xfc, 0xa2, 0xfc, 0xa3, 0xfc, 0xa2, 0xfc, 0xa3, 0xfc,
  0xa2, 0xfc, 0xa3, 0xfc, 0xa2, 0xfc, 0xa3, 0xfc, 0xa2, 0xfc, 0xa3, 0xfc,
  0xa2, 0xfc, 0xa3, 0xfc, 0xa2, 0xfc, 0xa3, 0xfc, 0xa2, 0xfc, 0xa3, 0xfc,
  0xa2, 0xfc, 0x82, 0xfc, 0xa3, 0xfc, 0xa4, 0xfc, 0xbc, 0xff, 0xfe, 0xff,
  0xff, 0xff, 0xff, 0xff, 0xff, 0xff, 0xff, 0xff, 0xff, 0xff, 0xff, 0xff,
  0xff, 0xff, 0xff, 0xff, 0xff, 0xff, 0xff, 0xff, 0xff, 0xff, 0xff, 0xff,
  0xff, 0xff, 0xff, 0xff, 0xff, 0xff, 0xff, 0xff, 0xff, 0xff, 0xff, 0xff,
  0xff, 0xff, 0xff, 0xff, 0xff, 0xff, 0xff, 0xff, 0xff, 0xff, 0xff, 0xff,
  0xff, 0xff, 0xff, 0xff, 0xff, 0xff, 0xff, 0xff, 0xff, 0xff, 0xff, 0xff,
  0xff, 0xff, 0xff, 0xff, 0xff, 0xff, 0xff, 0xff, 0xff, 0xff, 0xbe, 0xf7,
  0xd2, 0xfe, 0x8e, 0xed, 0x61, 0xfc, 0x81, 0xfc, 0xa2, 0xfc, 0x83, 0xfc,
  0xa2, 0xfc, 0x83, 0xfc, 0xa2, 0xfc, 0xa3, 0xfc, 0xa2, 0xfc, 0xa3, 0xfc,
  0xa2, 0xfc, 0xa3, 0xfc, 0xa2, 0xfc, 0xa3, 0xfc, 0xa2, 0xfc, 0xa3, 0xfc,
  0xa2, 0xfc, 0xa3, 0xfc, 0xa2, 0xfc, 0xa3, 0xfc, 0xa2, 0xfc, 0xa3, 0xfc,
  0xa2, 0xfc, 0xa3, 0xfc, 0xa2, 0xfc, 0xa3, 0xfc, 0xa2, 0xfc, 0x83, 0xfc,
  0x81, 0xfc, 0xe3, 0xfc, 0x27, 0x83, 0x00, 0x08, 0x21, 0x00, 0x01, 0x00,
  0x01, 0x00, 0x21, 0x00, 0x00, 0x10, 0x27, 0x8b, 0xe3, 0xfc, 0x80, 0xfc,
  0x83, 0xfc, 0xa2, 0xfc, 0x82, 0xfc, 0xa2, 0xfc, 0x82, 0xfc, 0xa2, 0xfc,
  0x82, 0xfc, 0xa2, 0xfc, 0x82, 0xfc, 0xa2, 0xfc, 0x82, 0xfc, 0xa2, 0xfc,
  0x82, 0xfc, 0xa2, 0xfc, 0x82, 0xfc, 0xa2, 0xfc, 0x82, 0xfc, 0xa2, 0xfc,
  0x82, 0xfc, 0xa2, 0xfc, 0x82, 0xfc, 0xa2, 0xfc, 0x82, 0xfc, 0xa2, 0xfc,
  0x82, 0xfc, 0xa2, 0xfc, 0x82, 0xfc, 0xa2, 0xfc, 0x82, 0xfc, 0xa1, 0xfc,
  0x84, 0xec, 0x46, 0xfd, 0xff, 0xff, 0xff, 0xff, 0xff, 0xff, 0xff, 0xff,
  0xff, 0xff, 0xff, 0xff, 0xff, 0xff, 0xff, 0xff, 0xff, 0xff, 0xff, 0xff,
  0xff, 0xff, 0xff, 0xff, 0xdf, 0xff, 0xff, 0xff, 0xff, 0xff, 0xff, 0xff,
  0xff, 0xff, 0xff, 0xff, 0xdf, 0xff, 0xff, 0xff, 0xff, 0xff, 0xff, 0xff,
  0xff, 0xff, 0xff, 0xff, 0xff, 0xff, 0xff, 0xff, 0xff, 0xff, 0xff, 0xff,
  0xff, 0xff, 0xff, 0xff, 0xff, 0xff, 0xff, 0xff, 0xff, 0xff, 0xff, 0xff,
  0xff, 0xff, 0xff, 0xff, 0x98, 0xff, 0xf1, 0xed, 0x20, 0xfc, 0x60, 0xfc,
  0xa3, 0xfc, 0xa2, 0xfc, 0x82, 0xfc, 0xa2, 0xfc, 0x82, 0xfc, 0xa2, 0xfc,
  0x82, 0xfc, 0xa2, 0xfc, 0x82, 0xfc, 0xa2, 0xfc, 0x82, 0xfc, 0xa2, 0xfc,
  0x82, 0xfc, 0xa2, 0xfc, 0x82, 0xfc, 0xa2, 0xfc, 0x82, 0xfc, 0xa2, 0xfc,
  0x82, 0xfc, 0xa2, 0xfc, 0x82, 0xfc, 0xa2, 0xfc, 0x82, 0xfc, 0xa2, 0xfc,
  0x82, 0xfc, 0xa2, 0xfc, 0x83, 0xfc, 0xa2, 0xfc, 0x61, 0xfc, 0xe2, 0xfc,
  0x07, 0x83, 0x00, 0x10, 0x01, 0x00, 0x00, 0x00, 0x01, 0x00, 0x01, 0x00,
  0x00, 0x10, 0xe7, 0x7a, 0xe3, 0xfc, 0x81, 0xfc, 0xa2, 0xfc, 0x83, 0xfc,
  0xa2, 0xfc, 0xa3, 0xfc, 0xa2, 0xfc, 0xa3, 0xfc, 0xa2, 0xfc, 0xa3, 0xfc,
  0xa2, 0xfc, 0xa3, 0xfc, 0xa2, 0xfc, 0xa3, 0xfc, 0xa2, 0xfc, 0xa3, 0xfc,
  0xa2, 0xfc, 0xa3, 0xfc, 0xa2, 0xfc, 0xa3, 0xfc, 0xa2, 0xfc, 0xa3, 0xfc,
  0xa2, 0xfc, 0xa3, 0xfc, 0xa2, 0xfc, 0xa3, 0xfc, 0xa2, 0xfc, 0xa3, 0xfc,
  0xa2, 0xfc, 0x83, 0xfc, 0xa1, 0xfc, 0xa2, 0xfc, 0x86, 0xe4, 0xec, 0xfd,
  0xff, 0xff, 0xff, 0xf7, 0xff, 0xff, 0xff, 0xff, 0xff, 0xff, 0xff, 0xff,
  0xff, 0xff, 0xff, 0xff, 0xff, 0xff, 0xff, 0xff, 0xff, 0xff, 0xff, 0xff,
  0xcc, 0xfd, 0x2a, 0xf5, 0x30, 0xfe, 0xd3, 0xfe, 0xbd, 0xff, 0xff, 0xff,
  0xff, 0xff, 0xff, 0xff, 0xff, 0xff, 0xff, 0xff, 0xff, 0xff, 0xff, 0xff,
  0xff, 0xff, 0xff, 0xff, 0xff, 0xff, 0xff, 0xff, 0xff, 0xff, 0xff, 0xff,
  0xff, 0xff, 0xff, 0xff, 0xff, 0xff, 0xff, 0xff, 0xff, 0xff, 0xff, 0xff,
  0xff, 0xff, 0xff, 0xff, 0xb0, 0xfe, 0x0a, 0xe5, 0x80, 0xfc, 0x82, 0xfc,
  0xa2, 0xfc, 0x83, 0xfc, 0xa2, 0xfc, 0xa3, 0xfc, 0xa2, 0xfc, 0xa3, 0xfc,
  0xa2, 0xfc, 0xa3, 0xfc, 0xa2, 0xfc, 0xa3, 0xfc, 0xa2, 0xfc, 0xa3, 0xfc,
  0xa2, 0xfc, 0xa3, 0xfc, 0xa2, 0xfc, 0xa3, 0xfc, 0xa2, 0xfc, 0xa3, 0xfc,
  0xa2, 0xfc, 0xa3, 0xfc, 0xa2, 0xfc, 0xa3, 0xfc, 0xa2, 0xfc, 0xa3, 0xfc,
  0xa2, 0xfc, 0x83, 0xfc, 0x81, 0xfc, 0xe3, 0xfc, 0x27, 0x83, 0x00, 0x08,
  0x21, 0x00, 0x01, 0x00, 0x00, 0x00, 0x20, 0x00, 0x00, 0x00, 0xc3, 0x51,
  0xe3, 0xfc, 0x81, 0xfc, 0x83, 0xfc, 0xa2, 0xfc, 0x82, 0xfc, 0xa2, 0xfc,
  0x82, 0xfc, 0xa2, 0xfc, 0x82, 0xfc, 0xa2, 0xfc, 0x82, 0xfc, 0xa2, 0xfc,
  0x82, 0xfc, 0xa2, 0xfc, 0x82, 0xfc, 0xa2, 0xfc, 0x82, 0xfc, 0xa2, 0xfc,
  0x82, 0xfc, 0xa2, 0xfc, 0x82, 0xfc, 0xa2, 0xfc, 0x82, 0xfc, 0xa2, 0xfc,
  0x82, 0xfc, 0xa2, 0xfc, 0x82, 0xfc, 0xa2, 0xfc, 0x83, 0xfc, 0xa2, 0xfc,
  0x81, 0xfc, 0xa1, 0xfc, 0x88, 0xdc, 0xb0, 0xfe, 0xff, 0xff, 0xff, 0xff,
  0xff, 0xff, 0xff, 0xff, 0xff, 0xff, 0xff, 0xff, 0xff, 0xff, 0xff, 0xff,
  0xff, 0xff, 0xff, 0xff, 0xff, 0xff, 0xfe, 0xff, 0xe5, 0xfc, 0x62, 0xf4,
  0x40, 0xfc, 0x60, 0xfc, 0xa4, 0xf4, 0x26, 0xfd, 0x11, 0xf6, 0xf4, 0xfe,
  0xbf, 0xf7, 0xff, 0xff, 0xff, 0xff, 0xff, 0xff, 0xdf, 0xff, 0xff, 0xff,
  0xff, 0xff, 0xff, 0xff, 0xff, 0xff, 0xff, 0xff, 0xff, 0xff, 0xff, 0xff,
  0xff, 0xff, 0xff, 0xff, 0xff, 0xff, 0xff, 0xff, 0xff, 0xff, 0xff, 0xff,
  0xff, 0xff, 0xbd, 0xff, 0x06, 0xfd, 0x83, 0xf4, 0x82, 0xfc, 0xa2, 0xfc,
  0x82, 0xfc, 0xa2, 0xfc, 0x82, 0xfc, 0xa2, 0xfc, 0x82, 0xfc, 0xa2, 0xfc,
  0x82, 0xfc, 0xa2, 0xfc, 0x82, 0xfc, 0xa2, 0xfc, 0x82, 0xfc, 0xa2, 0xfc,
  0x82, 0xfc, 0xa2, 0xfc, 0x82, 0xfc, 0xa2, 0xfc, 0x82, 0xfc, 0xa2, 0xfc,
  0x82, 0xfc, 0xa2, 0xfc, 0x82, 0xfc, 0xa2, 0xfc, 0x83, 0xfc, 0xa2, 0xfc,
  0x61, 0xfc, 0xe2, 0xfc, 0x07, 0x83, 0x00, 0x10, 0x01, 0x00, 0x00, 0x00,
  0x00, 0x00, 0x01, 0x00, 0x00, 0x08, 0xc4, 0x49, 0x03, 0xfd, 0x82, 0xfc,
  0xa2, 0xfc, 0xa3, 0xfc, 0xa2, 0xfc, 0xa3, 0xfc, 0xa2, 0xfc, 0xa3, 0xfc,
  0xa2, 0xfc, 0xa3, 0xfc, 0xa2, 0xfc, 0xa3, 0xfc, 0xa2, 0xfc, 0xa3, 0xfc,
  0xa2, 0xfc, 0xa3, 0xfc, 0xa2, 0xfc, 0xa3, 0xfc, 0xa2, 0xfc, 0xa3, 0xfc,
  0xa2, 0xfc, 0xa3, 0xfc, 0xa2, 0xfc, 0xa3, 0xfc, 0xa2, 0xfc, 0xa3, 0xfc,
  0xa2, 0xfc, 0xa3, 0xfc, 0xa2, 0xfc, 0x83, 0xfc, 0xa1, 0xfc, 0x81, 0xfc,
  0x0b, 0xdd, 0x55, 0xff, 0xff, 0xff, 0xff, 0xf7, 0xff, 0xff, 0xff, 0xff,
  0xff, 0xff, 0xff, 0xff, 0xff, 0xff, 0xff, 0xff, 0xff, 0xff, 0xff, 0xff,
  0xfe, 0xff, 0x7c, 0xf7, 0xa3, 0xfc, 0xa3, 0xfc, 0xa2, 0xfc, 0xa3, 0xfc,
  0xa2, 0xfc, 0x62, 0xfc, 0x60, 0xfc, 0x61, 0xfc, 0xe6, 0xf4, 0x89, 0xfd,
  0x19, 0xf7, 0xdd, 0xff, 0xff, 0xff, 0xff, 0xf7, 0xff, 0xff, 0xff, 0xff,
  0xff, 0xff, 0xff, 0xff, 0xff, 0xff, 0xff, 0xff, 0xff, 0xff, 0xff, 0xff,
  0xff, 0xff, 0xff, 0xff, 0xff, 0xff, 0xff, 0xff, 0xff, 0xff, 0xff, 0xff,
  0xd8, 0xff, 0x8f, 0xdd, 0x80, 0xfc, 0xa1, 0xfc, 0xa2, 0xfc, 0xa3, 0xfc,
  0xa2, 0xfc, 0xa3, 0xfc, 0xa2, 0xfc, 0xa3, 0xfc, 0xa2, 0xfc, 0xa3, 0xfc,
  0xa2, 0xfc, 0xa3, 0xfc, 0xa2, 0xfc, 0xa3, 0xfc, 0xa2, 0xfc, 0xa3, 0xfc,
  0xa2, 0xfc, 0xa3, 0xfc, 0xa2, 0xfc, 0xa3, 0xfc, 0xa2, 0xfc, 0xa3, 0xfc,
  0xa2, 0xfc, 0xa3, 0xfc, 0xa2, 0xfc, 0x83, 0xfc, 0x81, 0xfc, 0xe3, 0xfc,
  0xa6, 0x72, 0x00, 0x08, 0x21, 0x00, 0x01, 0x00, 0x00, 0x00, 0x20, 0x00,
  0x00, 0x00, 0xa3, 0x49, 0xe3, 0xfc, 0x81, 0xfc, 0x82, 0xfc, 0xa2, 0xfc,
  0x82, 0xfc, 0xa2, 0xfc, 0x82, 0xfc, 0xa2, 0xfc, 0x82, 0xfc, 0xa2, 0xfc,
  0x82, 0xfc, 0xa2, 0xfc, 0x82, 0xfc, 0xa2, 0xfc, 0x82, 0xfc, 0xa2, 0xfc,
  0x82, 0xfc, 0xa2, 0xfc, 0x82, 0xfc, 0xa2, 0xfc, 0x82, 0xfc, 0xa2, 0xfc,
  0x82, 0xfc, 0xa2, 0xfc, 0x82, 0xfc, 0xa2, 0xfc, 0x82, 0xfc, 0xa2, 0xfc,
  0x83, 0xfc, 0xa2, 0xfc, 0x81, 0xfc, 0x60, 0xfc, 0x6f, 0xdd, 0xd8, 0xff,
  0xff, 0xf7, 0xff, 0xff, 0xff, 0xff, 0xff, 0xff, 0xff, 0xff, 0xff, 0xff,
  0xff, 0xff, 0xff, 0xff, 0xff, 0xff, 0xff, 0xff, 0xfc, 0xff, 0xd7, 0xf6,
  0x61, 0xfc, 0xa2, 0xfc, 0x82, 0xfc, 0xa2, 0xfc, 0x83, 0xfc, 0xa2, 0xfc,
  0x83, 0xfc, 0xa2, 0xfc, 0x81, 0xfc, 0x60, 0xfc, 0x62, 0xf4, 0x04, 0xfd,
  0xb7, 0xee, 0xdb, 0xff, 0xff, 0xff, 0xff, 0xff, 0xff, 0xff, 0xff, 0xff,
  0xff, 0xff, 0xff, 0xff, 0xff, 0xff, 0xff, 0xff, 0xff, 0xff, 0xff, 0xff,
  0xff, 0xff, 0xff, 0xff, 0xff, 0xff, 0xff, 0xff, 0xff, 0xff, 0xbd, 0xff,
  0xc4, 0xfc, 0xa3, 0xfc, 0x82, 0xfc, 0xa2, 0xfc, 0x82, 0xfc, 0xa2, 0xfc,
  0x82, 0xfc, 0xa2, 0xfc, 0x82, 0xfc, 0xa2, 0xfc, 0x82, 0xfc, 0xa2, 0xfc,
  0x82, 0xfc, 0xa2, 0xfc, 0x82, 0xfc, 0xa2, 0xfc, 0x82, 0xfc, 0xa2, 0xfc,
  0x82, 0xfc, 0xa2, 0xfc, 0x82, 0xfc, 0xa2, 0xfc, 0x82, 0xfc, 0xa2, 0xfc,
  0x82, 0xfc, 0xa2, 0xfc, 0x62, 0xfc, 0xe3, 0xfc, 0xa4, 0x49, 0x00, 0x08,
  0x01, 0x00, 0x00, 0x00, 0x00, 0x00, 0x01, 0x00, 0x00, 0x00, 0xa1, 0x20,
  0xa3, 0xfc, 0xa3, 0xfc, 0xa2, 0xfc, 0x83, 0xfc, 0xa2, 0xfc, 0xa3, 0xfc,
  0xa2, 0xfc, 0xa3, 0xfc, 0xa2, 0xfc, 0xa3, 0xfc, 0xa2, 0xfc, 0xa3, 0xfc,
  0xa2, 0xfc, 0xa3, 0xfc, 0xa2, 0xfc, 0xa3, 0xfc, 0xa2, 0xfc, 0xa3, 0xfc,
  0xa2, 0xfc, 0xa3, 0xfc, 0xa2, 0xfc, 0xa3, 0xfc, 0xa2, 0xfc, 0xa3, 0xfc,
  0xa2, 0xfc, 0xa3, 0xfc, 0xa2, 0xfc, 0xa3, 0xfc, 0xa2, 0xfc, 0x83, 0xfc,
  0xa1, 0xfc, 0x61, 0xfc, 0x54, 0xe6, 0xfb, 0xff, 0xff, 0xff, 0xff, 0xf7,
  0xff, 0xff, 0xff, 0xff, 0xff, 0xff, 0xff, 0xff, 0xff, 0xff, 0xff, 0xff,
  0xff, 0xff, 0xff, 0xf7, 0xfa, 0xff, 0xf3, 0xdd, 0x60, 0xfc, 0x82, 0xfc,
  0xa2, 0xfc, 0x83, 0xfc, 0xa2, 0xfc, 0xa3, 0xfc, 0xa2, 0xfc, 0xa3, 0xfc,
  0xa3, 0xfc, 0xa3, 0xfc, 0xa2, 0xfc, 0x62, 0xfc, 0x62, 0xf4, 0xe5, 0xfc,
  0x3a, 0xf7, 0xfe, 0xff, 0xff, 0xff, 0xff, 0xff, 0xff, 0xff, 0xff, 0xff,
  0xff, 0xff, 0xff, 0xff, 0xff, 0xff, 0xff, 0xff, 0xff, 0xff, 0xff, 0xff,
  0xff, 0xff, 0xff, 0xff, 0xff, 0xff, 0xff, 0xff, 0xb0, 0xfe, 0xa8, 0xdc,
  0xa1, 0xfc, 0x82, 0xfc, 0xa2, 0xfc, 0x83, 0xfc, 0xa2, 0xfc, 0xa3, 0xfc,
  0xa2, 0xfc, 0xa3, 0xfc, 0xa2, 0xfc, 0xa3, 0xfc, 0xa2, 0xfc, 0xa3, 0xfc,
  0xa2, 0xfc, 0xa3, 0xfc, 0xa2, 0xfc, 0xa3, 0xfc, 0xa2, 0xfc, 0xa3, 0xfc,
  0xa2, 0xfc, 0xa3, 0xfc, 0xa2, 0xfc, 0xa3, 0xfc, 0xa2, 0xfc, 0xa3, 0xfc,
  0x82, 0xfc, 0xe4, 0xfc, 0xc3, 0x49, 0x00, 0x00, 0x20, 0x00, 0x01, 0x00,
  0x00, 0x00, 0x00, 0x00, 0x00, 0x00, 0xa0, 0x20, 0x63, 0xf4, 0xa3, 0xfc,
  0x82, 0xfc, 0xa2, 0xfc, 0x82, 0xfc, 0xa2, 0xfc, 0x82, 0xfc, 0xa2, 0xfc,
  0x82, 0xfc, 0xa2, 0xfc, 0x82, 0xfc, 0xa2, 0xfc, 0x82, 0xfc, 0xa2, 0xfc,
  0x82, 0xfc, 0xa2, 0xfc, 0x82, 0xfc, 0xa2, 0xfc, 0x82, 0xfc, 0xa2, 0xfc,
  0x82, 0xfc, 0xa2, 0xfc, 0x82, 0xfc, 0xa2, 0xfc, 0x82, 0xfc, 0xa2, 0xfc,
  0x82, 0xfc, 0xa2, 0xfc, 0x82, 0xfc, 0xa2, 0xfc, 0x82, 0xfc, 0x61, 0xfc,
  0xf9, 0xf6, 0xfc, 0xff, 0xff, 0xff, 0xff, 0xff, 0xff, 0xff, 0xff, 0xff,
  0xff, 0xff, 0xff, 0xff, 0xff, 0xff, 0xff, 0xff, 0xff, 0xf7, 0xff, 0xff,
  0xb7, 0xff, 0x6e, 0xdd, 0x61, 0xfc, 0x81, 0xfc, 0x83, 0xfc, 0xa2, 0xfc,
  0x82, 0xfc, 0xa2, 0xfc, 0x82, 0xfc, 0xa2, 0xfc, 0x82, 0xfc, 0xa2, 0xfc,
  0x83, 0xfc, 0xa2, 0xfc, 0x81, 0xfc, 0x80, 0xfc, 0x87, 0xe4, 0x4d, 0xfe,
  0xff, 0xff, 0xff, 0xff, 0xff, 0xff, 0xff, 0xff, 0xff, 0xff, 0xff, 0xff,
  0xff, 0xff, 0xff, 0xff, 0xff, 0xff, 0xff, 0xff, 0xff, 0xff, 0xff, 0xff,
  0xff, 0xf7, 0xff, 0xff, 0xd8, 0xff, 0x8f, 0xdd, 0x61, 0xfc, 0xa1, 0xfc,
  0x83, 0xfc, 0xa2, 0xfc, 0x82, 0xfc, 0xa2, 0xfc, 0x82, 0xfc, 0xa2, 0xfc,
  0x82, 0xfc, 0xa2, 0xfc, 0x82, 0xfc, 0xa2, 0xfc, 0x82, 0xfc, 0xa2, 0xfc,
  0x82, 0xfc, 0xa2, 0xfc, 0x82, 0xfc, 0xa2, 0xfc, 0x82, 0xfc, 0xa2, 0xfc,
  0x82, 0xfc, 0xa2, 0xfc, 0x82, 0xfc, 0xa2, 0xfc, 0x83, 0xfc, 0xa3, 0xfc,
  0xa1, 0x20, 0x00, 0x00, 0x00, 0x00, 0x00, 0x00, 0x00, 0x00, 0x00, 0x00,
  0x00, 0x00, 0x00, 0x00, 0x01, 0xe4, 0xc5, 0xfc, 0xa1, 0xfc, 0x82, 0xfc,
  0xa2, 0xfc, 0xa3, 0xfc, 0xa2, 0xfc, 0xa3, 0xfc, 0xa2, 0xfc, 0xa3, 0xfc,
  0xa2, 0xfc, 0xa3, 0xfc, 0xa2, 0xfc, 0xa3, 0xfc, 0xa2, 0xfc, 0xa3, 0xfc,
  0xa2, 0xfc, 0xa3, 0xfc, 0xa2, 0xfc, 0xa3, 0xfc, 0xa2, 0xfc, 0x83, 0xfc,
  0xa2, 0xfc, 0xa3, 0xfc, 0xa2, 0xfc, 0x83, 0xfc, 0xa2, 0xfc, 0xa3, 0xfc,
  0xa2, 0xfc, 0x82, 0xfc, 0xa3, 0xfc, 0xa4, 0xfc, 0x9c, 0xff, 0xfe, 0xff,
  0xff, 0xff, 0xff, 0xff, 0xff, 0xff, 0xff, 0xff, 0xff, 0xff, 0xff, 0xff,
  0xff, 0xff, 0xff, 0xff, 0xff, 0xff, 0xff, 0xff, 0x53, 0xff, 0xca, 0xd4,
  0xa1, 0xfc, 0x81, 0xfc, 0xa2, 0xfc, 0x83, 0xfc, 0xa2, 0xfc, 0xa3, 0xfc,
  0xa2, 0xfc, 0xa3, 0xfc, 0xa2, 0xfc, 0xa3, 0xfc, 0xa2, 0xfc, 0xa3, 0xfc,
  0xa2, 0xfc, 0xa3, 0xfc, 0xa1, 0xfc, 0x61, 0xfc, 0xb6, 0xee, 0xfc, 0xff,
  0xff, 0xff, 0xff, 0xf7, 0xff, 0xff, 0xff, 0xff, 0xff, 0xff, 0xff, 0xff,
  0xff, 0xff, 0xff, 0xff, 0xff, 0xff, 0xff, 0xff, 0xff, 0xff, 0xff, 0xf7,
  0xfc, 0xff, 0x96, 0xee, 0x61, 0xfc, 0xa2, 0xfc, 0xa2, 0xfc, 0x83, 0xfc,
  0xa2, 0xfc, 0xa3, 0xfc, 0xa2, 0xfc, 0xa3, 0xfc, 0xa2, 0xfc, 0xa3, 0xfc,
  0xa2, 0xfc, 0xa3, 0xfc, 0xa2, 0xfc, 0xa3, 0xfc, 0xa2, 0xfc, 0xa3, 0xfc,
  0xa2, 0xfc, 0xa3, 0xfc, 0xa2, 0xfc, 0xa3, 0xfc, 0xa2, 0xfc, 0xa3, 0xfc,
  0xa2, 0xfc, 0x82, 0xfc, 0xc3, 0xfc, 0x63, 0xf4, 0x80, 0x18, 0x00, 0x00,
  0x00, 0x00, 0x00, 0x00, 0x00, 0x00, 0x00, 0x00, 0x00, 0x00, 0x00, 0x00,
  0x40, 0xc3, 0x06, 0xfd, 0x81, 0xfc, 0xa1, 0xfc, 0x82, 0xfc, 0xa2, 0xfc,
  0x82, 0xfc, 0xa2, 0xfc, 0x82, 0xfc, 0xa2, 0xfc, 0x82, 0xfc, 0xa2, 0xfc,
  0x82, 0xfc, 0xa2, 0xfc, 0x82, 0xfc, 0xa2, 0xfc, 0x82, 0xfc, 0xa2, 0xfc,
  0x82, 0xfc, 0xa2, 0xfc, 0x82, 0xfc, 0xa2, 0xfc, 0x82, 0xfc, 0x81, 0xfc,
  0x61, 0xfc, 0x81, 0xfc, 0x83, 0xfc, 0xa2, 0xfc, 0x82, 0xfc, 0xa2, 0xfc,
  0x84, 0xf4, 0x06, 0xfd, 0xff, 0xff, 0xfe, 0xff, 0xff, 0xff, 0xff, 0xff,
  0xff, 0xff, 0xff, 0xff, 0xff, 0xff, 0xff, 0xff, 0xff, 0xff, 0xff, 0xff,
  0xff, 0xff, 0xff, 0xff, 0x6f, 0xfe, 0xa7, 0xe4, 0x81, 0xfc, 0x81, 0xfc,
  0x83, 0xfc, 0xa2, 0xfc, 0x82, 0xfc, 0xa2, 0xfc, 0x82, 0xfc, 0xa2, 0xfc,
  0x82, 0xfc, 0xa2, 0xfc, 0x82, 0xfc, 0xa2, 0xfc, 0x83, 0xfc, 0xa2, 0xfc,
  0x81, 0xfc, 0xa1, 0xfc, 0xca, 0xd4, 0x33, 0xff, 0xff, 0xff, 0xff, 0xff,
  0xff, 0xff, 0xff, 0xff, 0xff, 0xff, 0xff, 0xff, 0xff, 0xff, 0xff, 0xff,
  0xff, 0xff, 0xff, 0xff, 0xff, 0xff, 0xff, 0xff, 0xfd, 0xff, 0x39, 0xff,
  0x82, 0xfc, 0xa2, 0xfc, 0x82, 0xfc, 0xa2, 0xfc, 0x82, 0xfc, 0xa2, 0xfc,
  0x82, 0xfc, 0xa2, 0xfc, 0x82, 0xfc, 0xa2, 0xfc, 0x82, 0xfc, 0xa2, 0xfc,
  0x82, 0xfc, 0xa2, 0xfc, 0x82, 0xfc, 0xa2, 0xfc, 0x82, 0xfc, 0xa2, 0xfc,
  0x82, 0xfc, 0xa2, 0xfc, 0x82, 0xfc, 0xa2, 0xfc, 0x82, 0xfc, 0x81, 0xfc,
  0xc5, 0xfc, 0xc0, 0xdb, 0x00, 0x00, 0x00, 0x00, 0x00, 0x00, 0x00, 0x00,
  0x00, 0x00, 0x00, 0x00, 0x20, 0x00, 0x00, 0x00, 0x60, 0x9a, 0x08, 0xf5,
  0x81, 0xfc, 0x82, 0xfc, 0xa2, 0xfc, 0x83, 0xfc, 0xa2, 0xfc, 0xa3, 0xfc,
  0xa2, 0xfc, 0xa3, 0xfc, 0xa2, 0xfc, 0xa3, 0xfc, 0xa2, 0xfc, 0xa3, 0xfc,
  0xa2, 0xfc, 0xa3, 0xfc, 0xa2, 0xfc, 0xa3, 0xfc, 0xa2, 0xfc, 0xa3, 0xfc,
  0xa2, 0xfc, 0x82, 0xfc, 0xa3, 0xf4, 0x06, 0xfd, 0xa9, 0xfd, 0xe7, 0xf4,
  0x81, 0xfc, 0x41, 0xfc, 0x60, 0xfc, 0x60, 0xfc, 0x65, 0xe4, 0x0b, 0xfe,
  0xff, 0xff, 0xff, 0xf7, 0xff, 0xff, 0xff, 0xff, 0xff, 0xff, 0xff, 0xff,
  0xff, 0xff, 0xff, 0xff, 0xff, 0xff, 0xff, 0xff, 0xff, 0xff, 0xff, 0xff,
  0xca, 0xfd, 0x85, 0xe4, 0xa1, 0xfc, 0x82, 0xfc, 0xa2, 0xfc, 0x83, 0xfc,
  0xa2, 0xfc, 0xa3, 0xfc, 0xa2, 0xfc, 0xa3, 0xfc, 0xa2, 0xfc, 0xa3, 0xfc,
  0xa2, 0xfc, 0xa3, 0xfc, 0xa2, 0xfc, 0x83, 0xfc, 0xa1, 0xfc, 0xa2, 0xfc,
  0xa5, 0xe4, 0xcb, 0xfd, 0xff, 0xff, 0xff, 0xff, 0xff, 0xff, 0xff, 0xff,
  0xff, 0xff, 0xff, 0xff, 0xff, 0xff, 0xff, 0xff, 0xff, 0xff, 0xff, 0xff,
  0xff, 0xff, 0xff, 0xff, 0xfe, 0xff, 0x9c, 0xff, 0xc3, 0xfc, 0xa3, 0xf4,
  0xa2, 0xfc, 0x82, 0xfc, 0xa2, 0xfc, 0xa3, 0xfc, 0xa2, 0xfc, 0xa3, 0xfc,
  0xa2, 0xfc, 0xa3, 0xfc, 0xa2, 0xfc, 0xa3, 0xfc, 0xa2, 0xfc, 0xa3, 0xfc,
  0xa2, 0xfc, 0xa3, 0xfc, 0xa2, 0xfc, 0xa3, 0xfc, 0xa2, 0xfc, 0xa3, 0xfc,
  0xa2, 0xfc, 0x83, 0xfc, 0xa1, 0xfc, 0x81, 0xfc, 0x07, 0xfd, 0xe0, 0xaa,
  0x00, 0x00, 0x00, 0x00, 0x00, 0x00, 0x00, 0x00, 0x00, 0x00, 0x00, 0x00,
  0x01, 0x00, 0x00, 0x00, 0x40, 0x71, 0x29, 0xed, 0x61, 0xfc, 0x81, 0xfc,
  0x83, 0xfc, 0xa2, 0xfc, 0x82, 0xfc, 0xa2, 0xfc, 0x82, 0xfc, 0xa2, 0xfc,
  0x82, 0xfc, 0xa2, 0xfc, 0x82, 0xfc, 0xa2, 0xfc, 0x82, 0xfc, 0xa2, 0xfc,
  0x82, 0xfc, 0xa2, 0xfc, 0x83, 0xfc, 0xa2, 0xfc, 0x81, 0xfc, 0xa1, 0xfc,
  0x88, 0xdc, 0x8f, 0xfe, 0xff, 0xff, 0xdf, 0xf7, 0x16, 0xff, 0x72, 0xf6,
  0x69, 0xfd, 0x48, 0xfd, 0x13, 0xe6, 0xb9, 0xff, 0xff, 0xff, 0xff, 0xff,
  0xff, 0xff, 0xff, 0xff, 0xff, 0xff, 0xff, 0xff, 0xff, 0xff, 0xff, 0xff,
  0xff, 0xff, 0xff, 0xff, 0xff, 0xff, 0xfe, 0xff, 0x06, 0xfd, 0x83, 0xf4,
  0x82, 0xfc, 0xa1, 0xfc, 0x82, 0xfc, 0xa2, 0xfc, 0x82, 0xfc, 0xa2, 0xfc,
  0x82, 0xfc, 0xa2, 0xfc, 0x82, 0xfc, 0xa2, 0xfc, 0x82, 0xfc, 0xa2, 0xfc,
  0x82, 0xfc, 0xa2, 0xfc, 0x82, 0xfc, 0xa1, 0xfc, 0x84, 0xec, 0x47, 0xfd,
  0xff, 0xff, 0xff, 0xff, 0xff, 0xff, 0xff, 0xff, 0xff, 0xff, 0xff, 0xff,
  0xff, 0xff, 0xff, 0xff, 0xff, 0xff, 0xff, 0xff, 0xff, 0xff, 0xff, 0xff,
  0xfe, 0xff, 0xbc, 0xff, 0xa4, 0xfc, 0xa3, 0xfc, 0x82, 0xfc, 0xa2, 0xfc,
  0x82, 0xfc, 0xa2, 0xfc, 0x82, 0xfc, 0xa2, 0xfc, 0x82, 0xfc, 0xa2, 0xfc,
  0x82, 0xfc, 0xa2, 0xfc, 0x82, 0xfc, 0xa2, 0xfc, 0x82, 0xfc, 0xa2, 0xfc,
  0x82, 0xfc, 0xa2, 0xfc, 0x82, 0xfc, 0xa2, 0xfc, 0x83, 0xfc, 0xa2, 0xfc,
  0x81, 0xfc, 0x81, 0xfc, 0x29, 0xf5, 0xe0, 0x89, 0x00, 0x00, 0x00, 0x00,
  0x00, 0x00, 0x00, 0x00, 0x00, 0x00, 0x00, 0x00, 0x21, 0x00, 0x00, 0x00,
  0xa0, 0x48, 0xea, 0xd4, 0xa1, 0xfc, 0x81, 0xfc, 0xa2, 0xfc, 0x83, 0xfc,
  0xa2, 0xfc, 0xa3, 0xfc, 0xa2, 0xfc, 0xa3, 0xfc, 0xa2, 0xfc, 0xa3, 0xfc,
  0xa2, 0xfc, 0xa3, 0xfc, 0xa2, 0xfc, 0xa3, 0xfc, 0xa2, 0xfc, 0xa3, 0xfc,
  0xa2, 0xfc, 0x83, 0xfc, 0xa1, 0xfc, 0x81, 0xfc, 0x4d, 0xdd, 0x97, 0xff,
  0xff, 0xff, 0xff, 0xf7, 0xff, 0xff, 0xff, 0xff, 0xff, 0xff, 0xff, 0xff,
  0xff, 0xff, 0xff, 0xff, 0xff, 0xff, 0xff, 0xff, 0xff, 0xff, 0xff, 0xff,
  0xff, 0xff, 0xff, 0xff, 0xff, 0xff, 0xff, 0xff, 0xff, 0xff, 0xff, 0xff,
  0xfe, 0xff, 0x9d, 0xff, 0xc3, 0xfc, 0x83, 0xf4, 0xa2, 0xfc, 0x82, 0xfc,
  0xa2, 0xfc, 0xa3, 0xfc, 0xa2, 0xfc, 0xa3, 0xfc, 0xa2, 0xfc, 0xa3, 0xfc,
  0xa2, 0xfc, 0xa3, 0xfc, 0xa2, 0xfc, 0xa3, 0xfc, 0xa2, 0xfc, 0xa3, 0xfc,
  0xa2, 0xfc, 0x82, 0xfc, 0xa4, 0xf4, 0x47, 0xfd, 0xff, 0xff, 0xff, 0xff,
  0xff, 0xff, 0xff, 0xff, 0xff, 0xff, 0xff, 0xff, 0xff, 0xff, 0xff, 0xff,
  0xff, 0xff, 0xff, 0xff, 0xff, 0xff, 0xff, 0xff, 0xfe, 0xff, 0x9d, 0xff,
  0xc3, 0xfc, 0x83, 0xf4, 0xa2, 0xfc, 0x82, 0xfc, 0xa2, 0xfc, 0xa3, 0xfc,
  0xa2, 0xfc, 0xa3, 0xfc, 0xa2, 0xfc, 0xa3, 0xfc, 0xa2, 0xfc, 0xa3, 0xfc,
  0xa2, 0xfc, 0xa3, 0xfc, 0xa2, 0xfc, 0xa3, 0xfc, 0xa2, 0xfc, 0xa3, 0xfc,
  0xa2, 0xfc, 0xa3, 0xfc, 0xa2, 0xfc, 0x83, 0xfc, 0x81, 0xfc, 0x81, 0xfc,
  0x0a, 0xe5, 0xe0, 0x58, 0x00, 0x00, 0x01, 0x00, 0x00, 0x00, 0x00, 0x00,
  0x00, 0x00, 0x00, 0x00, 0x01, 0x00, 0x00, 0x00, 0x00, 0x20, 0x08, 0xb4,
  0xc2, 0xfc, 0x80, 0xfc, 0x83, 0xfc, 0xa2, 0xfc, 0x82, 0xfc, 0xa2, 0xfc,
  0x82, 0xfc, 0xa2, 0xfc, 0x82, 0xfc, 0xa2, 0xfc, 0x82, 0xfc, 0xa2, 0xfc,
  0x82, 0xfc, 0xa2, 0xfc, 0x82, 0xfc, 0xa2, 0xfc, 0x83, 0xfc, 0xa2, 0xfc,
  0x82, 0xfc, 0x60, 0xfc, 0x76, 0xee, 0xfb, 0xff, 0xff, 0xff, 0xff, 0xff,
  0xff, 0xff, 0xfe, 0xff, 0xff, 0xff, 0xff, 0xff, 0xff, 0xff, 0xff, 0xff,
  0xff, 0xff, 0xff, 0xff, 0xff, 0xff, 0xff, 0xff, 0xff, 0xff, 0xff, 0xff,
  0xff, 0xff, 0xff, 0xff, 0xff, 0xff, 0xff, 0xff, 0xfd, 0xff, 0xf8, 0xf6,
  0x61, 0xfc, 0xa2, 0xfc, 0x82, 0xfc, 0xa2, 0xfc, 0x82, 0xfc, 0xa2, 0xfc,
  0x82, 0xfc, 0xa2, 0xfc, 0x82, 0xfc, 0xa2, 0xfc, 0x82, 0xfc, 0xa2, 0xfc,
  0x82, 0xfc, 0xa2, 0xfc, 0x83, 0xfc, 0xa2, 0xfc, 0x82, 0xfc, 0xa1, 0xfc,
  0x85, 0xec, 0x88, 0xfd, 0xff, 0xff, 0xff, 0xff, 0xff, 0xff, 0xff, 0xff,
  0xff, 0xff, 0xff, 0xff, 0xff, 0xff, 0xff, 0xff, 0xff, 0xff, 0xff, 0xff,
  0xff, 0xff, 0xff, 0xff, 0xfe, 0xff, 0x7a, 0xff, 0x83, 0xfc, 0xa2, 0xfc,
  0x82, 0xfc, 0xa2, 0xfc, 0x82, 0xfc, 0xa2, 0xfc, 0x82, 0xfc, 0xa2, 0xfc,
  0x82, 0xfc, 0xa2, 0xfc, 0x82, 0xfc, 0xa2, 0xfc, 0x82, 0xfc, 0xa2, 0xfc,
  0x82, 0xfc, 0xa2, 0xfc, 0x82, 0xfc, 0xa2, 0xfc, 0x82, 0xfc, 0xa2, 0xfc,
  0x83, 0xfc, 0xa2, 0xfc, 0x81, 0xfc, 0xa1, 0xfc, 0x8a, 0xc4, 0x00, 0x38,
  0x00, 0x00, 0x00, 0x00, 0x00, 0x00, 0x00, 0x00, 0x00, 0x00, 0x00, 0x00,
  0x00, 0x00, 0x01, 0x00, 0x00, 0x08, 0xa6, 0x72, 0x03, 0xfd, 0x61, 0xfc,
  0xa2, 0xfc, 0x83, 0xfc, 0xa2, 0xfc, 0xa3, 0xfc, 0xa2, 0xfc, 0xa3, 0xfc,
  0xa2, 0xfc, 0xa3, 0xfc, 0xa2, 0xfc, 0xa3, 0xfc, 0xa2, 0xfc, 0xa3, 0xfc,
  0xa2, 0xfc, 0xa3, 0xfc, 0xa2, 0xfc, 0x82, 0xfc, 0xa3, 0xfc, 0xa4, 0xfc,
  0xbc, 0xff, 0xfe, 0xff, 0xff, 0xff, 0xff, 0xff, 0xff, 0xff, 0xff, 0xff,
  0xff, 0xff, 0xff, 0xff, 0xff, 0xff, 0xff, 0xff, 0xff, 0xff, 0xff, 0xff,
  0xff, 0xff, 0xff, 0xff, 0xff, 0xff, 0xff, 0xff, 0xff, 0xff, 0xff, 0xff,
  0xff, 0xff, 0xff, 0xf7, 0xfb, 0xff, 0x34, 0xe6, 0x61, 0xfc, 0xa2, 0xfc,
  0xa2, 0xfc, 0x83, 0xfc, 0xa2, 0xfc, 0xa3, 0xfc, 0xa2, 0xfc, 0xa3, 0xfc,
  0xa2, 0xfc, 0xa3, 0xfc, 0xa2, 0xfc, 0xa3, 0xfc, 0xa2, 0xfc, 0xa3, 0xfc,
  0xa2, 0xfc, 0x83, 0xfc, 0xa1, 0xfc, 0xa2, 0xfc, 0x86, 0xe4, 0x2d, 0xfe,
  0xff, 0xff, 0xff, 0xf7, 0xff, 0xff, 0xff, 0xff, 0xff, 0xff, 0xff, 0xff,
  0xff, 0xff, 0xff, 0xff, 0xff, 0xff, 0xff, 0xff, 0xff, 0xff, 0xff, 0xf7,
  0xfc, 0xff, 0xd8, 0xee, 0x61, 0xfc, 0xa2, 0xfc, 0xa2, 0xfc, 0x83, 0xfc,
  0xa2, 0xfc, 0x83, 0xfc, 0xa2, 0xfc, 0xa3, 0xfc, 0xa2, 0xfc, 0xa3, 0xfc,
  0xa2, 0xfc, 0xa3, 0xfc, 0xa2, 0xfc, 0xa3, 0xfc, 0xa2, 0xfc, 0xa3, 0xfc,
  0xa2, 0xfc, 0xa3, 0xfc, 0xa2, 0xfc, 0xa3, 0xfc, 0xa2, 0xfc, 0x83, 0xfc,
  0x81, 0xfc, 0xc2, 0xfc, 0xa8, 0x9b, 0x00, 0x18, 0x21, 0x00, 0x01, 0x00,
  0x00, 0x00, 0x00, 0x00, 0x00, 0x00, 0x00, 0x00, 0x00, 0x00, 0x20, 0x00,
  0x00, 0x00, 0x62, 0x41, 0xc3, 0xfc, 0x82, 0xfc, 0x82, 0xfc, 0xa2, 0xfc,
  0x82, 0xfc, 0xa2, 0xfc, 0x82, 0xfc, 0xa2, 0xfc, 0x82, 0xfc, 0xa2, 0xfc,
  0x82, 0xfc, 0xa2, 0xfc, 0x82, 0xfc, 0xa2, 0xfc, 0x82, 0xfc, 0xa2, 0xfc,
  0x82, 0xfc, 0xa1, 0xfc, 0x85, 0xe4, 0xca, 0xfd, 0xff, 0xff, 0xff, 0xff,
  0xff, 0xff, 0xff, 0xff, 0xff, 0xff, 0xff, 0xff, 0xff, 0xff, 0xff, 0xff,
  0xff, 0xff, 0xff, 0xff, 0xff, 0xff, 0xff, 0xff, 0xff, 0xff, 0xff, 0xff,
  0xff, 0xff, 0xff, 0xff, 0xff, 0xff, 0xff, 0xff, 0xff, 0xf7, 0xff, 0xff,
  0xb8, 0xff, 0x6e, 0xdd, 0x61, 0xfc, 0xa1, 0xfc, 0xa3, 0xfc, 0xa3, 0xfc,
  0x82, 0xfc, 0xa2, 0xfc, 0x82, 0xfc, 0xa2, 0xfc, 0x82, 0xfc, 0xa2, 0xfc,
  0x82, 0xfc, 0xa2, 0xfc, 0x82, 0xfc, 0xa2, 0xfc, 0x83, 0xfc, 0xa2, 0xfc,
  0x81, 0xfc, 0x80, 0xfc, 0x0c, 0xd5, 0x75, 0xff, 0xff, 0xff, 0xff, 0xff,
  0xff, 0xff, 0xff, 0xff, 0xff, 0xff, 0xff, 0xff, 0xff, 0xff, 0xff, 0xff,
  0xff, 0xff, 0xff, 0xff, 0xff, 0xff, 0xff, 0xff, 0xfb, 0xff, 0x54, 0xee,
  0x41, 0xfc, 0xa1, 0xfc, 0x82, 0xfc, 0xa2, 0xfc, 0x82, 0xfc, 0xa2, 0xfc,
  0x82, 0xfc, 0xa2, 0xfc, 0x82, 0xfc, 0xa2, 0xfc, 0x82, 0xfc, 0xa2, 0xfc,
  0x82, 0xfc, 0xa2, 0xfc, 0x82, 0xfc, 0xa2, 0xfc, 0x82, 0xfc, 0xa2, 0xfc,
  0x82, 0xfc, 0xa2, 0xfc, 0x82, 0xfc, 0xa2, 0xfc, 0x61, 0xfc, 0xe3, 0xfc,
  0x25, 0x5a, 0x00, 0x08, 0x01, 0x00, 0x00, 0x00, 0x00, 0x00, 0x00, 0x00,
  0x00, 0x00, 0x00, 0x00, 0x00, 0x00, 0x00, 0x00, 0x00, 0x00, 0x20, 0x00,
  0x21, 0xe4, 0xc5, 0xfc, 0xa2, 0xfc, 0x82, 0xfc, 0xa2, 0xfc, 0xa3, 0xfc,
  0xa2, 0xfc, 0x83, 0xfc, 0xa2, 0xfc, 0x83, 0xfc, 0xa2, 0xfc, 0x83, 0xfc,
  0xa2, 0xfc, 0x83, 0xfc, 0xa2, 0xfc, 0x83, 0xfc, 0xa1, 0xfc, 0x81, 0xfc,
  0xc9, 0xdc, 0x13, 0xff, 0xff, 0xff, 0xff, 0xf7, 0xff, 0xff, 0xff, 0xff,
  0xff, 0xff, 0xff, 0xff, 0xff, 0xff, 0xff, 0xff, 0xff, 0xff, 0xff, 0xff,
  0xff, 0xff, 0xff, 0xff, 0xff, 0xff, 0xff, 0xff, 0xff, 0xff, 0xff, 0xff,
  0xff, 0xff, 0xff, 0xff, 0xff, 0xff, 0xff, 0xff, 0x96, 0xff, 0x6e, 0xdd,
  0x80, 0xfc, 0x40, 0xfc, 0x61, 0xfc, 0x61, 0xfc, 0xa2, 0xfc, 0xa3, 0xfc,
  0xa3, 0xfc, 0xa3, 0xfc, 0xa2, 0xfc, 0xa3, 0xfc, 0xa2, 0xfc, 0xa3, 0xfc,
  0xa2, 0xfc, 0xa3, 0xfc, 0xa2, 0xfc, 0xa3, 0xfc, 0x81, 0xfc, 0x62, 0xfc,
  0x19, 0xf7, 0xfd, 0xff, 0xff, 0xff, 0xff, 0xff, 0xff, 0xff, 0xff, 0xff,
  0xff, 0xff, 0xff, 0xff, 0xff, 0xff, 0xff, 0xff, 0xff, 0xff, 0xff, 0xff,
  0xff, 0xff, 0xff, 0xf7, 0xd8, 0xff, 0x6f, 0xdd, 0x80, 0xfc, 0xa1, 0xfc,
  0xa2, 0xfc, 0x83, 0xfc, 0xa2, 0xfc, 0xa3, 0xfc, 0xa2, 0xfc, 0x83, 0xfc,
  0xa2, 0xfc, 0x83, 0xfc, 0xa2, 0xfc, 0x83, 0xfc, 0xa2, 0xfc, 0x83, 0xfc,
  0xa2, 0xfc, 0x83, 0xfc, 0xa2, 0xfc, 0x83, 0xfc, 0xa2, 0xfc, 0xa3, 0xfc,
  0xa2, 0xfc, 0x83, 0xfc, 0xa3, 0xfc, 0x83, 0xf4, 0xc1, 0x20, 0x00, 0x00,
  0x00, 0x00, 0x00, 0x00, 0x00, 0x00, 0x00, 0x00, 0x00, 0x00, 0x00, 0x00,
  0x00, 0x00, 0x00, 0x00, 0x00, 0x00, 0x00, 0x00, 0xa0, 0xaa, 0x07, 0xfd,
  0x61, 0xfc, 0xa1, 0xfc, 0x83, 0xfc, 0xa2, 0xfc, 0x82, 0xfc, 0xa2, 0xfc,
  0x82, 0xfc, 0xa2, 0xfc, 0x82, 0xfc, 0xa2, 0xfc, 0x82, 0xfc, 0xa2, 0xfc,
  0x83, 0xfc, 0xa2, 0xfc, 0x81, 0xfc, 0x60, 0xfc, 0xd2, 0xdd, 0xfb, 0xff,
  0xff, 0xff, 0xff, 0xff, 0xff, 0xff, 0xfe, 0xff, 0xff, 0xff, 0xff, 0xff,
  0xff, 0xff, 0xff, 0xff, 0xff, 0xff, 0xff, 0xff, 0xff, 0xff, 0xff, 0xff,
  0xff, 0xff, 0xff, 0xff, 0xff, 0xff, 0xff, 0xff, 0xff, 0xff, 0xff, 0xff,
  0xff, 0xff, 0xff, 0xff, 0xff, 0xff, 0xff, 0xff, 0x58, 0xff, 0xb5, 0xf6,
  0xcb, 0xfd, 0x49, 0xfd, 0xa2, 0xfc, 0x81, 0xfc, 0x40, 0xfc, 0x60, 0xfc,
  0x61, 0xfc, 0x81, 0xfc, 0x62, 0xfc, 0x81, 0xfc, 0x61, 0xfc, 0x81, 0xfc,
  0x40, 0xfc, 0x60, 0xfc, 0x2c, 0xe5, 0xd1, 0xfe, 0xff, 0xff, 0xff, 0xff,
  0xff, 0xff, 0xff, 0xff, 0xff, 0xff, 0xff, 0xff, 0xff, 0xff, 0xff, 0xff,
  0xff, 0xff, 0xff, 0xff, 0xff, 0xff, 0xff, 0xff, 0xff, 0xf7, 0xff, 0xff,
  0x13, 0xff, 0xc9, 0xdc, 0x81, 0xfc, 0xa1, 0xfc, 0x83, 0xfc, 0xa2, 0xfc,
  0x82, 0xfc, 0xa2, 0xfc, 0x82, 0xfc, 0xa2, 0xfc, 0x82, 0xfc, 0xa2, 0xfc,
  0x82, 0xfc, 0xa2, 0xfc, 0x82, 0xfc, 0xa2, 0xfc, 0x82, 0xfc, 0xa2, 0xfc,
  0x82, 0xfc, 0xa2, 0xfc, 0x83, 0xfc, 0xa2, 0xfc, 0x82, 0xfc, 0x81, 0xfc,
  0xe6, 0xfc, 0x80, 0xcb, 0x00, 0x00, 0x00, 0x00, 0x00, 0x00, 0x00, 0x00,
  0x00, 0x00, 0x00, 0x00, 0x00, 0x00, 0x00, 0x00, 0x00, 0x00, 0x00, 0x00,
  0x21, 0x00, 0x00, 0x00, 0x20, 0x61, 0x0a, 0xe5, 0x81, 0xfc, 0x81, 0xfc,
  0xa2, 0xfc, 0x83, 0xfc, 0xa2, 0xfc, 0xa3, 0xfc, 0xa2, 0xfc, 0xa3, 0xfc,
  0xa2, 0xfc, 0xa3, 0xfc, 0xa2, 0xfc, 0xa3, 0xfc, 0xa2, 0xfc, 0xa3, 0xfc,
  0xa2, 0xfc, 0x82, 0xfc, 0x49, 0xf5, 0x2e, 0xfe, 0x3a, 0xf7, 0xbd, 0xff,
  0xff, 0xff, 0xff, 0xff, 0xff, 0xff, 0xff, 0xff, 0xff, 0xff, 0xff, 0xff,
  0xff, 0xff, 0xff, 0xff, 0xff, 0xff, 0xff, 0xff, 0xff, 0xff, 0xff, 0xff,
  0xff, 0xff, 0xff, 0xff, 0xff, 0xff, 0xff, 0xff, 0xff, 0xff, 0xff, 0xff,
  0xff, 0xff, 0xff, 0xff, 0xff, 0xff, 0xff, 0xff, 0xff, 0xff, 0xff, 0xff,
  0x9a, 0xff, 0x19, 0xf7, 0x70, 0xfe, 0xef, 0xf5, 0x69, 0xfd, 0x28, 0xfd,
  0x05, 0xfd, 0x06, 0xfd, 0x26, 0xfd, 0x48, 0xfd, 0x10, 0xf6, 0xd4, 0xfe,
  0xff, 0xff, 0xff, 0xff, 0xff, 0xff, 0xff, 0xff, 0xff, 0xff, 0xff, 0xff,
  0xff, 0xff, 0xff, 0xff, 0xff, 0xff, 0xff, 0xff, 0xff, 0xff, 0xff, 0xff,
  0xff, 0xff, 0xff, 0xff, 0xff, 0xff, 0xff, 0xff, 0x2c, 0xfe, 0x86, 0xdc,
  0xa1, 0xfc, 0x82, 0xfc, 0xa2, 0xfc, 0x83, 0xfc, 0xa2, 0xfc, 0xa3, 0xfc,
  0xa2, 0xfc, 0xa3, 0xfc, 0xa2, 0xfc, 0xa3, 0xfc, 0xa2, 0xfc, 0xa3, 0xfc,
  0xa2, 0xfc, 0xa3, 0xfc, 0xa2, 0xfc, 0xa3, 0xfc, 0xa2, 0xfc, 0xa3, 0xfc,
  0xa2, 0xfc, 0x83, 0xfc, 0xa1, 0xfc, 0x61, 0xfc, 0x29, 0xed, 0x80, 0x79,
  0x00, 0x00, 0x01, 0x00, 0x00, 0x00, 0x00, 0x00, 0x00, 0x00, 0x00, 0x00,
  0x00, 0x00, 0x00, 0x00, 0x00, 0x00, 0x00, 0x00, 0x01, 0x00, 0x00, 0x00,
  0x00, 0x28, 0x69, 0xc4, 0xa2, 0xfc, 0x80, 0xfc, 0x83, 0xfc, 0xa2, 0xfc,
  0x82, 0xfc, 0xa2, 0xfc, 0x82, 0xfc, 0xa2, 0xfc, 0x82, 0xfc, 0xa2, 0xfc,
  0x82, 0xfc, 0xa2, 0xfc, 0x82, 0xfc, 0xa2, 0xfc, 0x83, 0xfc, 0xa2, 0xfc,
  0x61, 0xfc, 0x60, 0xfc, 0x82, 0xfc, 0xe3, 0xfc, 0xce, 0xf5, 0x91, 0xfe,
  0x7c, 0xf7, 0xfe, 0xff, 0xff, 0xff, 0xff, 0xff, 0xff, 0xff, 0xff, 0xff,
  0xdf, 0xff, 0xff, 0xff, 0xff, 0xff, 0xff, 0xff, 0xff, 0xff, 0xff, 0xff,
  0xff, 0xff, 0xff, 0xff, 0xff, 0xff, 0xff, 0xff, 0xff, 0xff, 0xff, 0xff,
  0xdf, 0xff, 0xff, 0xff, 0xff, 0xff, 0xff, 0xff, 0xff, 0xff, 0xff, 0xff,
  0xff, 0xff, 0xff, 0xff, 0xff, 0xff, 0xff, 0xff, 0xdf, 0xff, 0xfe, 0xff,
  0xff, 0xff, 0xff, 0xff, 0xff, 0xff, 0xff, 0xff, 0xff, 0xff, 0xff, 0xff,
  0xff, 0xff, 0xff, 0xff, 0xff, 0xff, 0xff, 0xff, 0xff, 0xff, 0xff, 0xff,
  0xff, 0xff, 0xff, 0xff, 0xff, 0xff, 0xff, 0xff, 0xff, 0xff, 0xff, 0xff,
  0xfe, 0xff, 0xdd, 0xff, 0xe5, 0xfc, 0x83, 0xfc, 0x82, 0xfc, 0xa2, 0xfc,
  0x82, 0xfc, 0xa2, 0xfc, 0x82, 0xfc, 0xa2, 0xfc, 0x82, 0xfc, 0xa2, 0xfc,
  0x82, 0xfc, 0xa2, 0xfc, 0x82, 0xfc, 0xa2, 0xfc, 0x82, 0xfc, 0xa2, 0xfc,
  0x82, 0xfc, 0xa2, 0xfc, 0x82, 0xfc, 0xa2, 0xfc, 0x83, 0xfc, 0xa2, 0xfc,
  0x81, 0xfc, 0xa1, 0xfc, 0xaa, 0xd4, 0x60, 0x48, 0x00, 0x00, 0x21, 0x00,
  0x00, 0x00, 0x00, 0x00, 0x00, 0x00, 0x00, 0x00, 0x00, 0x00, 0x00, 0x00,
  0x00, 0x00, 0x00, 0x00, 0x00, 0x00, 0x01, 0x00, 0x00, 0x08, 0x45, 0x62,
  0x03, 0xfd, 0x82, 0xfc, 0xa2, 0xfc, 0x83, 0xfc, 0xa2, 0xfc, 0xa3, 0xfc,
  0xa2, 0xfc, 0xa3, 0xfc, 0xa2, 0xfc, 0xa3, 0xfc, 0xa2, 0xfc, 0xa3, 0xfc,
  0xa2, 0xfc, 0xa3, 0xfc, 0xa2, 0xfc, 0xa3, 0xfc, 0xa2, 0xfc, 0xa3, 0xfc,
  0xa2, 0xfc, 0x82, 0xfc, 0x60, 0xfc, 0x40, 0xfc, 0xa3, 0xfc, 0x06, 0xfd,
  0x31, 0xf6, 0xd4, 0xfe, 0xbe, 0xff, 0xff, 0xff, 0xff, 0xff, 0xff, 0xff,
  0xff, 0xff, 0xff, 0xff, 0xff, 0xff, 0xff, 0xff, 0xff, 0xff, 0xff, 0xff,
  0xff, 0xff, 0xff, 0xff, 0xff, 0xff, 0xff, 0xff, 0xff, 0xff, 0xff, 0xff,
  0xff, 0xff, 0xff, 0xff, 0xff, 0xff, 0xff, 0xff, 0xff, 0xff, 0xff, 0xff,
  0xff, 0xff, 0xff, 0xff, 0xff, 0xff, 0xff, 0xff, 0xff, 0xff, 0xff, 0xff,
  0xff, 0xff, 0xff, 0xff, 0xff, 0xff, 0xff, 0xff, 0xff, 0xff, 0xff, 0xff,
  0xff, 0xff, 0xff, 0xff, 0xff, 0xff, 0xff, 0xff, 0xff, 0xff, 0xff, 0xff,
  0xff, 0xff, 0xff, 0xff, 0xff, 0xff, 0xff, 0xf7, 0xfc, 0xff, 0x97, 0xee,
  0x61, 0xfc, 0xa2, 0xfc, 0xa2, 0xfc, 0xa3, 0xfc, 0xa2, 0xfc, 0xa3, 0xfc,
  0xa2, 0xfc, 0xa3, 0xfc, 0xa2, 0xfc, 0xa3, 0xfc, 0xa2, 0xfc, 0xa3, 0xfc,
  0xa2, 0xfc, 0xa3, 0xfc, 0xa2, 0xfc, 0xa3, 0xfc, 0xa2, 0xfc, 0xa3, 0xfc,
  0xa2, 0xfc, 0xa3, 0xfc, 0xa2, 0xfc, 0x83, 0xfc, 0x81, 0xfc, 0xe3, 0xfc,
  0x07, 0x83, 0x00, 0x08, 0x21, 0x00, 0x01, 0x00, 0x00, 0x00, 0x00, 0x00,
  0x00, 0x00, 0x00, 0x00, 0x00, 0x00, 0x00, 0x00, 0x00, 0x00, 0x00, 0x00,
  0x00, 0x00, 0x00, 0x00, 0x00, 0x00, 0x80, 0x18, 0x83, 0xf4, 0xa3, 0xfc,
  0x82, 0xfc, 0xa2, 0xfc, 0x82, 0xfc, 0xa2, 0xfc, 0x82, 0xfc, 0xa2, 0xfc,
  0x82, 0xfc, 0xa2, 0xfc, 0x82, 0xfc, 0xa2, 0xfc, 0x82, 0xfc, 0xa2, 0xfc,
  0x82, 0xfc, 0xa2, 0xfc, 0x82, 0xfc, 0xa2, 0xfc, 0x83, 0xfc, 0x82, 0xfc,
  0x83, 0xfc, 0xa2, 0xfc, 0x82, 0xfc, 0x81, 0xfc, 0x60, 0xfc, 0x60, 0xfc,
  0xa5, 0xfc, 0x46, 0xfd, 0x11, 0xee, 0xf4, 0xfe, 0xff, 0xff, 0xff, 0xff,
  0xff, 0xff, 0xff, 0xff, 0xff, 0xff, 0xff, 0xff, 0xff, 0xff, 0xff, 0xff,
  0xff, 0xff, 0xff, 0xff, 0xff, 0xff, 0xff, 0xff, 0xff, 0xff, 0xff, 0xff,
  0xff, 0xff, 0xff, 0xff, 0xff, 0xff, 0xff, 0xff, 0xff, 0xff, 0xff, 0xff,
  0xff, 0xff, 0xff, 0xff, 0xff, 0xff, 0xff, 0xff, 0xff, 0xff, 0xff, 0xff,
  0xff, 0xff, 0xff, 0xff, 0xff, 0xff, 0xff, 0xff, 0xff, 0xff, 0xff, 0xff,
  0xff, 0xff, 0xff, 0xff, 0xff, 0xff, 0xff, 0xff, 0xff, 0xff, 0xff, 0xff,
  0xff, 0xf7, 0xff, 0xff, 0x76, 0xff, 0x0c, 0xdd, 0x81, 0xfc, 0xa1, 0xfc,
  0x83, 0xfc, 0xa2, 0xfc, 0x82, 0xfc, 0xa2, 0xfc, 0x82, 0xfc, 0xa2, 0xfc,
  0x82, 0xfc, 0xa2, 0xfc, 0x82, 0xfc, 0xa2, 0xfc, 0x82, 0xfc, 0xa2, 0xfc,
  0x82, 0xfc, 0xa2, 0xfc, 0x82, 0xfc, 0xa2, 0xfc, 0x82, 0xfc, 0xa2, 0xfc,
  0x82, 0xfc, 0xa2, 0xfc, 0x82, 0xfc, 0xc3, 0xfc, 0x22, 0x31, 0x00, 0x00,
  0x01, 0x00, 0x00, 0x00, 0x00, 0x00, 0x00, 0x00, 0x00, 0x00, 0x00, 0x00,
  0x00, 0x00, 0x00, 0x00, 0x00, 0x00, 0x00, 0x00, 0x00, 0x00, 0x00, 0x00,
  0x20, 0x00, 0x00, 0x00, 0xc0, 0xaa, 0x08, 0xf5, 0x81, 0xfc, 0x82, 0xfc,
  0xa2, 0xfc, 0x83, 0xfc, 0xa2, 0xfc, 0xa3, 0xfc, 0xa2, 0xfc, 0xa3, 0xfc,
  0xa2, 0xfc, 0xa3, 0xfc, 0xa2, 0xfc, 0xa3, 0xfc, 0xa2, 0xfc, 0xa3, 0xfc,
  0xa2, 0xfc, 0xa3, 0xfc, 0xa2, 0xfc, 0xa3, 0xfc, 0xa2, 0xfc, 0xa3, 0xfc,
  0xa2, 0xfc, 0x83, 0xfc, 0xa3, 0xfc, 0xa3, 0xfc, 0x81, 0xfc, 0x61, 0xfc,
  0x63, 0xe4, 0xa9, 0xfd, 0xff, 0xff, 0xff, 0xff, 0xff, 0xff, 0xff, 0xff,
  0xff, 0xff, 0xff, 0xff, 0xff, 0xff, 0xff, 0xff, 0xff, 0xff, 0xff, 0xff,
  0xff, 0xff, 0xff, 0xff, 0xff, 0xff, 0xff, 0xff, 0xff, 0xff, 0xff, 0xff,
  0xff, 0xff, 0xff, 0xff, 0xff, 0xff, 0xff, 0xff, 0xff, 0xff, 0xff, 0xff,
  0xff, 0xff, 0xff, 0xff, 0xff, 0xff, 0xff, 0xff, 0xff, 0xff, 0xff, 0xff,
  0xff, 0xff, 0xff, 0xff, 0xff, 0xff, 0xff, 0xff, 0xff, 0xff, 0xff, 0xff,
  0xff, 0xff, 0xff, 0xff, 0xff, 0xff, 0xff, 0xff, 0xff, 0xff, 0xff, 0xff,
  0x88, 0xfd, 0x85, 0xe4, 0xa2, 0xfc, 0x82, 0xfc, 0xa2, 0xfc, 0x83, 0xfc,
  0xa2, 0xfc, 0xa3, 0xfc, 0xa2, 0xfc, 0xa3, 0xfc, 0xa2, 0xfc, 0xa3, 0xfc,
  0xa2, 0xfc, 0xa3, 0xfc, 0xa2, 0xfc, 0xa3, 0xfc, 0xa2, 0xfc, 0xa3, 0xfc,
  0xa2, 0xfc, 0xa3, 0xfc, 0xa2, 0xfc, 0xa3, 0xfc, 0xa1, 0xfc, 0x82, 0xfc,
  0x06, 0xfd, 0x40, 0xc3, 0x00, 0x00, 0x00, 0x00, 0x00, 0x00, 0x00, 0x00,
  0x00, 0x00, 0x00, 0x00, 0x00, 0x00, 0x00, 0x00, 0x00, 0x00, 0x00, 0x00,
  0x00, 0x00, 0x00, 0x00, 0x00, 0x00, 0x00, 0x00, 0x01, 0x00, 0x00, 0x00,
  0x40, 0x40, 0xca, 0xdc, 0x81, 0xfc, 0x81, 0xfc, 0x83, 0xfc, 0xa2, 0xfc,
  0x82, 0xfc, 0xa2, 0xfc, 0x82, 0xfc, 0xa2, 0xfc, 0x82, 0xfc, 0xa2, 0xfc,
  0x82, 0xfc, 0xa2, 0xfc, 0x82, 0xfc, 0xa2, 0xfc, 0x82, 0xfc, 0xa2, 0xfc,
  0x82, 0xfc, 0xa2, 0xfc, 0x82, 0xfc, 0xa2, 0xfc, 0x82, 0xfc, 0xa2, 0xfc,
  0x83, 0xfc, 0xa2, 0xfc, 0x82, 0xfc, 0xa1, 0xfc, 0xa8, 0xdc, 0xaf, 0xfe,
  0xff, 0xff, 0xff, 0xff, 0xff, 0xff, 0xff, 0xff, 0xff, 0xff, 0xff, 0xff,
  0xbe, 0xff, 0xde, 0xff, 0xff, 0xff, 0xff, 0xff, 0xff, 0xff, 0xff, 0xff,
  0xff, 0xff, 0xff, 0xff, 0xff, 0xff, 0xff, 0xff, 0xff, 0xff, 0xff, 0xff,
  0xff, 0xff, 0xff, 0xff, 0xff, 0xff, 0xff, 0xff, 0xff, 0xff, 0xff, 0xff,
  0xff, 0xff, 0xff, 0xff, 0xff, 0xff, 0xff, 0xff, 0xff, 0xff, 0xff, 0xff,
  0xff, 0xff, 0xff, 0xff, 0xff, 0xff, 0xff, 0xff, 0xff, 0xff, 0xff, 0xff,
  0xff, 0xff, 0xff, 0xff, 0xfb, 0xff, 0x54, 0xee, 0x61, 0xfc, 0xa1, 0xfc,
  0x83, 0xfc, 0xa2, 0xfc, 0x82, 0xfc, 0xa2, 0xfc, 0x82, 0xfc, 0xa2, 0xfc,
  0x82, 0xfc, 0xa2, 0xfc, 0x82, 0xfc, 0xa2, 0xfc, 0x82, 0xfc, 0xa2, 0xfc,
  0x82, 0xfc, 0xa2, 0xfc, 0x82, 0xfc, 0xa2, 0xfc, 0x82, 0xfc, 0xa2, 0xfc,
  0x83, 0xfc, 0xa2, 0xfc, 0x81, 0xfc, 0x80, 0xfc, 0x0a, 0xe5, 0x40, 0x69,
  0x00, 0x00, 0x21, 0x00, 0x00, 0x00, 0x00, 0x00, 0x00, 0x00, 0x00, 0x00,
  0x00, 0x00, 0x00, 0x00, 0x00, 0x00, 0x00, 0x00, 0x00, 0x00, 0x00, 0x00,
  0x00, 0x00, 0x00, 0x00, 0x00, 0x00, 0x01, 0x00, 0x00, 0x10, 0xe7, 0x7a,
  0x03, 0xfd, 0x61, 0xfc, 0xa2, 0xfc, 0x83, 0xfc, 0xa2, 0xfc, 0xa3, 0xfc,
  0xa2, 0xfc, 0xa3, 0xfc, 0xa2, 0xfc, 0xa3, 0xfc, 0xa2, 0xfc, 0xa3, 0xfc,
  0xa2, 0xfc, 0xa3, 0xfc, 0xa2, 0xfc, 0xa3, 0xfc, 0xa2, 0xfc, 0xa3, 0xfc,
  0xa2, 0xfc, 0xa3, 0xfc, 0xa2, 0xfc, 0xa3, 0xfc, 0xa2, 0xfc, 0x83, 0xfc,
  0xa1, 0xfc, 0x81, 0xfc, 0x0b, 0xdd, 0x55, 0xff, 0xff, 0xff, 0xff, 0xf7,
  0xff, 0xff, 0xff, 0xff, 0xff, 0xff, 0xff, 0xff, 0xaa, 0xfd, 0xc7, 0xec,
  0x8b, 0xfd, 0x0e, 0xfe, 0x39, 0xf7, 0xbc, 0xff, 0xff, 0xff, 0xff, 0xff,
  0xff, 0xff, 0xff, 0xff, 0xff, 0xff, 0xff, 0xff, 0xff, 0xff, 0xff, 0xff,
  0xff, 0xff, 0xff, 0xff, 0xff, 0xff, 0xff, 0xff, 0xff, 0xff, 0xff, 0xff,
  0xff, 0xff, 0xff, 0xff, 0xff, 0xff, 0xff, 0xff, 0xff, 0xff, 0xff, 0xff,
  0xff, 0xff, 0xff, 0xff, 0xff, 0xff, 0xff, 0xff, 0xff, 0xff, 0xff, 0xff,
  0x0b, 0xfe, 0x86, 0xe4, 0xa1, 0xfc, 0x82, 0xfc, 0xa2, 0xfc, 0x83, 0xfc,
  0xa2, 0xfc, 0xa3, 0xfc, 0xa2, 0xfc, 0xa3, 0xfc, 0xa2, 0xfc, 0xa3, 0xfc,
  0xa2, 0xfc, 0xa3, 0xfc, 0xa2, 0xfc, 0xa3, 0xfc, 0xa2, 0xfc, 0xa3, 0xfc,
  0xa2, 0xfc, 0xa3, 0xfc, 0xa2, 0xfc, 0xa3, 0xfc, 0xa2, 0xfc, 0x83, 0xfc,
  0x81, 0xfc, 0xe3, 0xfc, 0x88, 0x9b, 0x00, 0x10, 0x21, 0x00, 0x01, 0x00,
  0x00, 0x00, 0x00, 0x00, 0x00, 0x00, 0x00, 0x00, 0x00, 0x00, 0x00, 0x00,
  0x00, 0x00, 0x00, 0x00, 0x00, 0x00, 0x00, 0x00, 0x00, 0x00, 0x00, 0x00,
  0x00, 0x00, 0x00, 0x00, 0x00, 0x00, 0x80, 0x20, 0x63, 0xf4, 0xa3, 0xfc,
  0x82, 0xfc, 0xa2, 0xfc, 0x82, 0xfc, 0xa2, 0xfc, 0x82, 0xfc, 0xa2, 0xfc,
  0x82, 0xfc, 0xa2, 0xfc, 0x82, 0xfc, 0xa2, 0xfc, 0x82, 0xfc, 0xa2, 0xfc,
  0x82, 0xfc, 0xa2, 0xfc, 0x82, 0xfc, 0xa2, 0xfc, 0x82, 0xfc, 0xa2, 0xfc,
  0x82, 0xfc, 0xa2, 0xfc, 0x83, 0xfc, 0xa2, 0xfc, 0x81, 0xfc, 0x80, 0xfc,
  0x6f, 0xdd, 0xd8, 0xff, 0xff, 0xf7, 0xff, 0xff, 0xff, 0xff, 0xff, 0xff,
  0xff, 0xff, 0xfe, 0xff, 0xe5, 0xfc, 0x83, 0xf4, 0x60, 0xfc, 0x60, 0xfc,
  0x64, 0xec, 0x46, 0xfd, 0xff, 0xff, 0xff, 0xff, 0xff, 0xff, 0xff, 0xff,
  0xff, 0xff, 0xff, 0xff, 0xff, 0xff, 0xff, 0xff, 0xff, 0xff, 0xff, 0xff,
  0xdf, 0xff, 0xff, 0xff, 0xdf, 0xff, 0xff, 0xff, 0xff, 0xff, 0xff, 0xff,
  0xdf, 0xff, 0xff, 0xff, 0xdf, 0xff, 0xff, 0xff, 0xdf, 0xff, 0xff, 0xff,
  0xff, 0xff, 0xff, 0xff, 0x15, 0xff, 0x8e, 0xed, 0x40, 0xfc, 0xa1, 0xfc,
  0x83, 0xfc, 0xa2, 0xfc, 0x82, 0xfc, 0xa2, 0xfc, 0x82, 0xfc, 0xa2, 0xfc,
  0x82, 0xfc, 0xa2, 0xfc, 0x82, 0xfc, 0xa2, 0xfc, 0x82, 0xfc, 0xa2, 0xfc,
  0x82, 0xfc, 0xa2, 0xfc, 0x82, 0xfc, 0xa2, 0xfc, 0x82, 0xfc, 0xa2, 0xfc,
  0x82, 0xfc, 0xa2, 0xfc, 0x82, 0xfc, 0xa2, 0xfc, 0x82, 0xfc, 0xc3, 0xfc,
  0x22, 0x31, 0x00, 0x00, 0x00, 0x00, 0x00, 0x00, 0x00, 0x00, 0x00, 0x00,
  0x00, 0x00, 0x00, 0x00, 0x00, 0x00, 0x00, 0x00, 0x00, 0x00, 0x00, 0x00,
  0x00, 0x00, 0x00, 0x00, 0x00, 0x00, 0x00, 0x00, 0x00, 0x00, 0x00, 0x00,
  0x21, 0x00, 0x00, 0x00, 0x00, 0x92, 0x29, 0xf5, 0x81, 0xfc, 0x82, 0xfc,
  0xa2, 0xfc, 0x83, 0xfc, 0xa2, 0xfc, 0xa3, 0xfc, 0xa2, 0xfc, 0xa3, 0xfc,
  0xa2, 0xfc, 0xa3, 0xfc, 0xa2, 0xfc, 0xa3, 0xfc, 0xa2, 0xfc, 0xa3, 0xfc,
  0xa2, 0xfc, 0xa3, 0xfc, 0xa2, 0xfc, 0xa3, 0xfc, 0xa2, 0xfc, 0xa3, 0xfc,
  0xa2, 0xfc, 0xa3, 0xfc, 0xa1, 0xfc, 0x61, 0xfc, 0x54, 0xe6, 0xfb, 0xff,
  0xff, 0xff, 0xff, 0xf7, 0xff, 0xff, 0xff, 0xff, 0xfd, 0xff, 0x5b, 0xf7,
  0xa3, 0xfc, 0xa3, 0xfc, 0xa2, 0xfc, 0xa2, 0xfc, 0x85, 0xe4, 0xcb, 0xfd,
  0xff, 0xff, 0xff, 0xff, 0xff, 0xff, 0xff, 0xff, 0xff, 0xff, 0xff, 0xff,
  0xff, 0xff, 0xff, 0xff, 0xff, 0xff, 0xff, 0xff, 0xff, 0xff, 0xff, 0xff,
  0xff, 0xff, 0xff, 0xff, 0xff, 0xff, 0xff, 0xff, 0xff, 0xff, 0xff, 0xff,
  0xff, 0xff, 0xff, 0xff, 0xff, 0xff, 0xff, 0xf7, 0x14, 0xff, 0xf0, 0xed,
  0xa1, 0xfc, 0x61, 0xfc, 0xa2, 0xfc, 0xa3, 0xfc, 0xa2, 0xfc, 0xa3, 0xfc,
  0xa2, 0xfc, 0xa3, 0xfc, 0xa2, 0xfc, 0xa3, 0xfc, 0xa2, 0xfc, 0xa3, 0xfc,
  0xa2, 0xfc, 0xa3, 0xfc, 0xa2, 0xfc, 0xa3, 0xfc, 0xa2, 0xfc, 0xa3, 0xfc,
  0xa2, 0xfc, 0xa3, 0xfc, 0xa2, 0xfc, 0xa3, 0xfc, 0xa2, 0xfc, 0x83, 0xfc,
  0xa1, 0xfc, 0x61, 0xfc, 0x27, 0xfd, 0xa0, 0xaa, 0x00, 0x00, 0x01, 0x00,
  0x00, 0x00, 0x00, 0x00, 0x00, 0x00, 0x00, 0x00, 0x00, 0x00, 0x00, 0x00,
  0x00, 0x00, 0x00, 0x00, 0x00, 0x00, 0x00, 0x00, 0x00, 0x00, 0x00, 0x00,
  0x00, 0x00, 0x00, 0x00, 0x00, 0x00, 0x00, 0x00, 0x01, 0x00, 0x00, 0x00,
  0x00, 0x28, 0x49, 0xbc, 0xa2, 0xfc, 0x80, 0xfc, 0x83, 0xfc, 0xa2, 0xfc,
  0x82, 0xfc, 0xa2, 0xfc, 0x82, 0xfc, 0xa2, 0xfc, 0x82, 0xfc, 0xa2, 0xfc,
  0x82, 0xfc, 0xa2, 0xfc, 0x82, 0xfc, 0xa2, 0xfc, 0x82, 0xfc, 0xa2, 0xfc,
  0x82, 0xfc, 0xa2, 0xfc, 0x82, 0xfc, 0xa2, 0xfc, 0x82, 0xfc, 0xa2, 0xfc,
  0x82, 0xfc, 0x61, 0xfc, 0xf9, 0xf6, 0xfc, 0xff, 0xff, 0xff, 0xff, 0xff,
  0xff, 0xff, 0xff, 0xff, 0xfc, 0xff, 0xb6, 0xee, 0x41, 0xfc, 0xa2, 0xfc,
  0x81, 0xfc, 0xa1, 0xfc, 0x88, 0xdc, 0xaf, 0xfe, 0xff, 0xff, 0xff, 0xff,
  0xff, 0xff, 0xfe, 0xff, 0xff, 0xf7, 0xff, 0xff, 0xf3, 0xfe, 0x2b, 0xe5,
  0x8b, 0xfd, 0xec, 0xfd, 0x52, 0xfe, 0xb3, 0xfe, 0xf7, 0xfe, 0x17, 0xff,
  0x39, 0xff, 0x59, 0xff, 0x39, 0xff, 0x18, 0xff, 0xb4, 0xfe, 0x72, 0xfe,
  0xab, 0xfd, 0x28, 0xfd, 0x61, 0xfc, 0x60, 0xfc, 0x82, 0xfc, 0xa2, 0xfc,
  0x82, 0xfc, 0xa2, 0xfc, 0x82, 0xfc, 0xa2, 0xfc, 0x82, 0xfc, 0xa2, 0xfc,
  0x82, 0xfc, 0xa2, 0xfc, 0x82, 0xfc, 0xa2, 0xfc, 0x82, 0xfc, 0xa2, 0xfc,
  0x82, 0xfc, 0xa2, 0xfc, 0x82, 0xfc, 0xa2, 0xfc, 0x82, 0xfc, 0xa2, 0xfc,
  0x82, 0xfc, 0xa2, 0xfc, 0x83, 0xfc, 0xa2, 0xfc, 0x81, 0xfc, 0xa1, 0xfc,
  0xca, 0xd4, 0x60, 0x40, 0x00, 0x00, 0x21, 0x00, 0x00, 0x00, 0x00, 0x00,
  0x00, 0x00, 0x00, 0x00, 0x00, 0x00, 0x00, 0x00, 0x00, 0x00, 0x00, 0x00,
  0x00, 0x00, 0x00, 0x00, 0x00, 0x00, 0x00, 0x00, 0x00, 0x00, 0x00, 0x00,
  0x00, 0x00, 0x00, 0x00, 0x00, 0x00, 0x01, 0x00, 0x00, 0x00, 0x43, 0x31,
  0xe3, 0xfc, 0x82, 0xfc, 0xa2, 0xfc, 0x83, 0xfc, 0xa2, 0xfc, 0xa3, 0xfc,
  0xa2, 0xfc, 0xa3, 0xfc, 0xa2, 0xfc, 0xa3, 0xfc, 0xa2, 0xfc, 0xa3, 0xfc,
  0xa2, 0xfc, 0xa3, 0xfc, 0xa2, 0xfc, 0xa3, 0xfc, 0xa2, 0xfc, 0xa3, 0xfc,
  0xa2, 0xfc, 0xa3, 0xfc, 0xa2, 0xfc, 0x82, 0xfc, 0xa3, 0xfc, 0xa4, 0xfc,
  0x9c, 0xff, 0xfe, 0xff, 0xff, 0xff, 0xff, 0xff, 0xff, 0xff, 0xff, 0xf7,
  0xf9, 0xff, 0xd1, 0xdd, 0x81, 0xfc, 0xa2, 0xfc, 0xa1, 0xfc, 0x81, 0xfc,
  0x0b, 0xdd, 0x55, 0xff, 0xff, 0xff, 0xff, 0xf7, 0xff, 0xff, 0xff, 0xff,
  0xff, 0xff, 0xff, 0xff, 0x0b, 0xfe, 0x66, 0xdc, 0x60, 0xfc, 0x40, 0xfc,
  0x60, 0xfc, 0x61, 0xfc, 0x61, 0xfc, 0x61, 0xfc, 0x82, 0xfc, 0x82, 0xfc,
  0x81, 0xfc, 0x62, 0xfc, 0x60, 0xfc, 0x41, 0xfc, 0x61, 0xfc, 0x61, 0xfc,
  0xa2, 0xfc, 0xa3, 0xfc, 0xa2, 0xfc, 0x83, 0xfc, 0xa2, 0xfc, 0x83, 0xfc,
  0xa2, 0xfc, 0xa3, 0xfc, 0xa2, 0xfc, 0xa3, 0xfc, 0xa2, 0xfc, 0xa3, 0xfc,
  0xa2, 0xfc, 0xa3, 0xfc, 0xa2, 0xfc, 0xa3, 0xfc, 0xa2, 0xfc, 0xa3, 0xfc,
  0xa2, 0xfc, 0xa3, 0xfc, 0xa2, 0xfc, 0xa3, 0xfc, 0xa2, 0xfc, 0xa3, 0xfc,
  0xa2, 0xfc, 0x83, 0xfc, 0x81, 0xfc, 0xe4, 0xfc, 0x24, 0x5a, 0x00, 0x00,
  0x21, 0x00, 0x01, 0x00, 0x00, 0x00, 0x00, 0x00, 0x00, 0x00, 0x00, 0x00,
  0x00, 0x00, 0x00, 0x00, 0x00, 0x00, 0x00, 0x00, 0x00, 0x00, 0x00, 0x00,
  0x00, 0x00, 0x00, 0x00, 0x00, 0x00, 0x00, 0x00, 0x00, 0x00, 0x00, 0x00,
  0x00, 0x00, 0x00, 0x00, 0x01, 0x00, 0x00, 0x00, 0x80, 0xa2, 0x27, 0xfd,
  0x61, 0xfc, 0xa1, 0xfc, 0x82, 0xfc, 0xa2, 0xfc, 0x82, 0xfc, 0xa2, 0xfc,
  0x82, 0xfc, 0xa2, 0xfc, 0x82, 0xfc, 0xa2, 0xfc, 0x82, 0xfc, 0xa2, 0xfc,
  0x82, 0xfc, 0xa2, 0xfc, 0x82, 0xfc, 0xa2, 0xfc, 0x82, 0xfc, 0xa2, 0xfc,
  0x82, 0xfc, 0xa1, 0xfc, 0x84, 0xec, 0x46, 0xfd, 0xff, 0xff, 0xfe, 0xff,
  0xff, 0xff, 0xff, 0xff, 0xff, 0xf7, 0xff, 0xff, 0x96, 0xff, 0x2c, 0xdd,
  0x61, 0xfc, 0x81, 0xfc, 0x82, 0xfc, 0x60, 0xfc, 0x8f, 0xdd, 0xd8, 0xff,
  0xff, 0xf7, 0xff, 0xff, 0xff, 0xff, 0xff, 0xff, 0xff, 0xff, 0xff, 0xff,
  0x27, 0xfd, 0x84, 0xf4, 0x82, 0xfc, 0xa2, 0xfc, 0xa3, 0xfc, 0xa2, 0xfc,
  0x83, 0xfc, 0xa2, 0xfc, 0x82, 0xfc, 0xa2, 0xfc, 0x82, 0xfc, 0xa2, 0xfc,
  0x83, 0xfc, 0xa2, 0xfc, 0x83, 0xfc, 0xa2, 0xfc, 0x82, 0xfc, 0xa2, 0xfc,
  0x82, 0xfc, 0xa2, 0xfc, 0x82, 0xfc, 0xa2, 0xfc, 0x82, 0xfc, 0xa2, 0xfc,
  0x82, 0xfc, 0xa2, 0xfc, 0x82, 0xfc, 0xa2, 0xfc, 0x82, 0xfc, 0xa2, 0xfc,
  0x82, 0xfc, 0xa2, 0xfc, 0x82, 0xfc, 0xa2, 0xfc, 0x82, 0xfc, 0xa2, 0xfc,
  0x82, 0xfc, 0xa2, 0xfc, 0x82, 0xfc, 0xa2, 0xfc, 0x82, 0xfc, 0x81, 0xfc,
  0xe6, 0xfc, 0x60, 0xcb, 0x00, 0x00, 0x00, 0x00, 0x00, 0x00, 0x00, 0x00,
  0x00, 0x00, 0x00, 0x00, 0x00, 0x00, 0x00, 0x00, 0x00, 0x00, 0x00, 0x00,
  0x00, 0x00, 0x00, 0x00, 0x00, 0x00, 0x00, 0x00, 0x00, 0x00, 0x00, 0x00,
  0x00, 0x00, 0x00, 0x00, 0x00, 0x00, 0x00, 0x00, 0x00, 0x00, 0x00, 0x00,
  0x21, 0x00, 0x01, 0x00, 0x00, 0x28, 0x4a, 0xbc, 0xc2, 0xfc, 0x81, 0xfc,
  0xa2, 0xfc, 0x83, 0xfc, 0xa2, 0xfc, 0x83, 0xfc, 0xa2, 0xfc, 0x83, 0xfc,
  0xa2, 0xfc, 0x83, 0xfc, 0xa2, 0xfc, 0x83, 0xfc, 0xa2, 0xfc, 0x83, 0xfc,
  0xa2, 0xfc, 0x83, 0xfc, 0xa2, 0xfc, 0x83, 0xfc, 0xa1, 0xfc, 0xa2, 0xfc,
  0x86, 0xe4, 0xec, 0xfd, 0xff, 0xff, 0xff, 0xff, 0xff, 0xff, 0xff, 0xff,
  0xff, 0xff, 0xff, 0xff, 0xf1, 0xfe, 0xa9, 0xd4, 0xa1, 0xfc, 0x82, 0xfc,
  0xa2, 0xfc, 0x61, 0xfc, 0x74, 0xee, 0xfc, 0xff, 0xff, 0xff, 0xff, 0xff,
  0xff, 0xff, 0xff, 0xff, 0xfe, 0xff, 0x9d, 0xff, 0xc3, 0xfc, 0x83, 0xf4,
  0xa2, 0xfc, 0x82, 0xfc, 0xa2, 0xfc, 0xa3, 0xfc, 0xa2, 0xfc, 0x83, 0xfc,
  0xa2, 0xfc, 0x83, 0xfc, 0xa2, 0xfc, 0x83, 0xfc, 0xa2, 0xfc, 0x83, 0xfc,
  0xa2, 0xfc, 0x83, 0xfc, 0xa2, 0xfc, 0x83, 0xfc, 0xa2, 0xfc, 0x83, 0xfc,
  0xa2, 0xfc, 0x83, 0xfc, 0xa2, 0xfc, 0x83, 0xfc, 0xa2, 0xfc, 0x83, 0xfc,
  0xa2, 0xfc, 0x83, 0xfc, 0xa2, 0xfc, 0x83, 0xfc, 0xa2, 0xfc, 0x83, 0xfc,
  0xa2, 0xfc, 0x83, 0xfc, 0xa2, 0xfc, 0x83, 0xfc, 0xa2, 0xfc, 0x83, 0xfc,
  0xa2, 0xfc, 0x83, 0xfc, 0x81, 0xfc, 0xa2, 0xfc, 0xca, 0xd4, 0x60, 0x40,
  0x00, 0x00, 0x01, 0x00, 0x00, 0x00, 0x00, 0x00, 0x00, 0x00, 0x00, 0x00,
  0x00, 0x00, 0x00, 0x00, 0x00, 0x00, 0x00, 0x00, 0x00, 0x00, 0x00, 0x00,
  0x00, 0x00, 0x00, 0x00, 0x00, 0x00, 0x00, 0x00, 0x00, 0x00, 0x00, 0x00,
  0x00, 0x00, 0x00, 0x00, 0x00, 0x00, 0x00, 0x00, 0x00, 0x00, 0x20, 0x00,
  0x00, 0x00, 0x22, 0x39, 0xa3, 0xfc, 0xa2, 0xfc, 0x82, 0xfc, 0xa2, 0xfc,
  0x82, 0xfc, 0xa2, 0xfc, 0x82, 0xfc, 0xa2, 0xfc, 0x82, 0xfc, 0xa2, 0xfc,
  0x82, 0xfc, 0xa2, 0xfc, 0x82, 0xfc, 0xa2, 0xfc, 0x82, 0xfc, 0xa2, 0xfc,
  0x83, 0xfc, 0xa2, 0xfc, 0x81, 0xfc, 0xa1, 0xfc, 0xa8, 0xdc, 0xd0, 0xfe,
  0xff, 0xff, 0xff, 0xff, 0xff, 0xff, 0xfe, 0xff, 0xff, 0xff, 0xff, 0xff,
  0x0c, 0xfe, 0x86, 0xe4, 0x81, 0xfc, 0x81, 0xfc, 0x83, 0xfc, 0x82, 0xfc,
  0x19, 0xf7, 0xfd, 0xff, 0xff, 0xff, 0xff, 0xff, 0xff, 0xff, 0xff, 0xff,
  0xfd, 0xff, 0xf8, 0xf6, 0x61, 0xfc, 0xa2, 0xfc, 0x82, 0xfc, 0xa2, 0xfc,
  0x82, 0xfc, 0xa2, 0xfc, 0x82, 0xfc, 0xa2, 0xfc, 0x82, 0xfc, 0xa2, 0xfc,
  0x82, 0xfc, 0xa2, 0xfc, 0x82, 0xfc, 0xa2, 0xfc, 0x82, 0xfc, 0xa2, 0xfc,
  0x82, 0xfc, 0xa2, 0xfc, 0x82, 0xfc, 0xa2, 0xfc, 0x82, 0xfc, 0xa2, 0xfc,
  0x82, 0xfc, 0xa2, 0xfc, 0x82, 0xfc, 0xa2, 0xfc, 0x82, 0xfc, 0xa2, 0xfc,
  0x82, 0xfc, 0xa2, 0xfc, 0x82, 0xfc, 0xa2, 0xfc, 0x82, 0xfc, 0xa2, 0xfc,
  0x82, 0xfc, 0xa2, 0xfc, 0x82, 0xfc, 0xa2, 0xfc, 0x82, 0xfc, 0xa2, 0xfc,
  0x62, 0xfc, 0xe3, 0xfc, 0xa3, 0x49, 0x00, 0x08, 0x01, 0x00, 0x00, 0x00,
  0x00, 0x00, 0x00, 0x00, 0x00, 0x00, 0x00, 0x00, 0x00, 0x00, 0x00, 0x00,
  0x00, 0x00, 0x00, 0x00, 0x00, 0x00, 0x00, 0x00, 0x00, 0x00, 0x00, 0x00,
  0x00, 0x00, 0x00, 0x00, 0x00, 0x00, 0x00, 0x00, 0x00, 0x00, 0x00, 0x00,
  0x00, 0x00, 0x00, 0x00, 0x00, 0x00, 0x00, 0x00, 0x21, 0x00, 0x00, 0x00,
  0xc0, 0x81, 0x2a, 0xed, 0x81, 0xfc, 0x82, 0xfc, 0xa2, 0xfc, 0x83, 0xfc,
  0xa2, 0xfc, 0xa3, 0xfc, 0xa2, 0xfc, 0xa3, 0xfc, 0xa2, 0xfc, 0xa3, 0xfc,
  0xa2, 0xfc, 0xa3, 0xfc, 0xa2, 0xfc, 0xa3, 0xfc, 0xa2, 0xfc, 0x83, 0xfc,
  0xa1, 0xfc, 0x81, 0xfc, 0x0b, 0xdd, 0x55, 0xff, 0xff, 0xff, 0xff, 0xf7,
  0xff, 0xff, 0xff, 0xff, 0xff, 0xff, 0xff, 0xff, 0x67, 0xfd, 0x85, 0xec,
  0xa1, 0xfc, 0x82, 0xfc, 0xa3, 0xfc, 0xc4, 0xfc, 0xbd, 0xff, 0xff, 0xff,
  0xff, 0xff, 0xff, 0xff, 0xff, 0xff, 0xff, 0xf7, 0xfa, 0xff, 0x13, 0xe6,
  0x60, 0xfc, 0x82, 0xfc, 0xa2, 0xfc, 0x83, 0xfc, 0xa2, 0xfc, 0xa3, 0xfc,
  0xa2, 0xfc, 0xa3, 0xfc, 0xa2, 0xfc, 0xa3, 0xfc, 0xa2, 0xfc, 0xa3, 0xfc,
  0xa2, 0xfc, 0xa3, 0xfc, 0xa2, 0xfc, 0xa3, 0xfc, 0xa2, 0xfc, 0xa3, 0xfc,
  0xa2, 0xfc, 0xa3, 0xfc, 0xa2, 0xfc, 0xa3, 0xfc, 0xa2, 0xfc, 0xa3, 0xfc,
  0xa2, 0xfc, 0xa3, 0xfc, 0xa2, 0xfc, 0xa3, 0xfc, 0xa2, 0xfc, 0xa3, 0xfc,
  0xa2, 0xfc, 0xa3, 0xfc, 0xa2, 0xfc, 0xa3, 0xfc, 0xa2, 0xfc, 0xa3, 0xfc,
  0xa2, 0xfc, 0x83, 0xfc, 0xa1, 0xfc, 0x61, 0xfc, 0x28, 0xfd, 0xa0, 0xa2,
  0x00, 0x00, 0x01, 0x00, 0x00, 0x00, 0x00, 0x00, 0x00, 0x00, 0x00, 0x00,
  0x00, 0x00, 0x00, 0x00, 0x00, 0x00, 0x00, 0x00, 0x00, 0x00, 0x00, 0x00,
  0x00, 0x00, 0x00, 0x00, 0x00, 0x00, 0x00, 0x00, 0x00, 0x00, 0x00, 0x00,
  0x00, 0x00, 0x00, 0x00, 0x00, 0x00, 0x00, 0x00, 0x00, 0x00, 0x00, 0x00,
  0x00, 0x00, 0x00, 0x00, 0x01, 0x00, 0x00, 0x00, 0x00, 0x18, 0x87, 0x9b,
  0xc3, 0xfc, 0x60, 0xfc, 0x83, 0xfc, 0xa2, 0xfc, 0x82, 0xfc, 0xa2, 0xfc,
  0x82, 0xfc, 0xa2, 0xfc, 0x82, 0xfc, 0xa2, 0xfc, 0x82, 0xfc, 0xa2, 0xfc,
  0x82, 0xfc, 0xa2, 0xfc, 0x82, 0xfc, 0xa2, 0xfc, 0x82, 0xfc, 0xa2, 0xfc,
  0xa4, 0xf4, 0x25, 0xfd, 0xf0, 0xf5, 0xd3, 0xfe, 0xbf, 0xf7, 0xff, 0xff,
  0xff, 0xff, 0xfe, 0xff, 0xc4, 0xfc, 0xa3, 0xfc, 0x82, 0xfc, 0xa1, 0xfc,
  0x84, 0xec, 0x47, 0xfd, 0xff, 0xff, 0xff, 0xff, 0xff, 0xff, 0xff, 0xff,
  0xff, 0xf7, 0xff, 0xff, 0x97, 0xff, 0x4d, 0xdd, 0x61, 0xfc, 0x81, 0xfc,
  0x83, 0xfc, 0xa2, 0xfc, 0x82, 0xfc, 0xa2, 0xfc, 0x82, 0xfc, 0xa2, 0xfc,
  0x82, 0xfc, 0xa2, 0xfc, 0x82, 0xfc, 0xa2, 0xfc, 0x82, 0xfc, 0xa2, 0xfc,
  0x82, 0xfc, 0xa2, 0xfc, 0x82, 0xfc, 0xa2, 0xfc, 0x82, 0xfc, 0xa2, 0xfc,
  0x82, 0xfc, 0xa2, 0xfc, 0x82, 0xfc, 0xa2, 0xfc, 0x82, 0xfc, 0xa2, 0xfc,
  0x82, 0xfc, 0xa2, 0xfc, 0x82, 0xfc, 0xa2, 0xfc, 0x82, 0xfc, 0xa2, 0xfc,
  0x82, 0xfc, 0xa2, 0xfc, 0x82, 0xfc, 0xa2, 0xfc, 0x83, 0xfc, 0xa2, 0xfc,
  0x61, 0xfc, 0xe2, 0xfc, 0xa8, 0xa3, 0x00, 0x20, 0x01, 0x00, 0x00, 0x00,
  0x00, 0x00, 0x00, 0x00, 0x00, 0x00, 0x00, 0x00, 0x00, 0x00, 0x00, 0x00,
  0x00, 0x00, 0x00, 0x00, 0x00, 0x00, 0x00, 0x00, 0x00, 0x00, 0x00, 0x00,
  0x00, 0x00, 0x00, 0x00, 0x00, 0x00, 0x00, 0x00, 0x00, 0x00, 0x00, 0x00,
  0x00, 0x00, 0x00, 0x00, 0x00, 0x00, 0x00, 0x00, 0x00, 0x00, 0x00, 0x00,
  0x00, 0x00, 0x00, 0x00, 0x00, 0x00, 0x00, 0x00, 0xc0, 0xdb, 0x06, 0xfd,
  0x81, 0xfc, 0x82, 0xfc, 0xa2, 0xfc, 0x83, 0xfc, 0xa2, 0xfc, 0xa3, 0xfc,
  0xa2, 0xfc, 0xa3, 0xfc, 0xa2, 0xfc, 0xa3, 0xfc, 0xa2, 0xfc, 0xa3, 0xfc,
  0xa2, 0xfc, 0xa3, 0xfc, 0xa2, 0xfc, 0xa3, 0xfc, 0xa2, 0xfc, 0x82, 0xfc,
  0x60, 0xfc, 0x61, 0xfc, 0xe6, 0xf4, 0x69, 0xfd, 0xb3, 0xfe, 0x93, 0xfe,
  0x82, 0xfc, 0xa3, 0xfc, 0xa1, 0xfc, 0x82, 0xfc, 0xa6, 0xe4, 0x0c, 0xfe,
  0xff, 0xff, 0xff, 0xf7, 0xff, 0xff, 0xff, 0xff, 0xff, 0xff, 0xff, 0xff,
  0x12, 0xff, 0xca, 0xd4, 0xa1, 0xfc, 0x81, 0xfc, 0xa2, 0xfc, 0x83, 0xfc,
  0xa2, 0xfc, 0xa3, 0xfc, 0xa2, 0xfc, 0xa3, 0xfc, 0xa2, 0xfc, 0xa3, 0xfc,
  0xa2, 0xfc, 0xa3, 0xfc, 0xa2, 0xfc, 0xa3, 0xfc, 0xa2, 0xfc, 0xa3, 0xfc,
  0xa2, 0xfc, 0xa3, 0xfc, 0xa2, 0xfc, 0xa3, 0xfc, 0xa2, 0xfc, 0xa3, 0xfc,
  0xa2, 0xfc, 0xa3, 0xfc, 0xa2, 0xfc, 0xa3, 0xfc, 0xa2, 0xfc, 0xa3, 0xfc,
  0xa2, 0xfc, 0xa3, 0xfc, 0xa2, 0xfc, 0xa3, 0xfc, 0xa2, 0xfc, 0xa3, 0xfc,
  0xa2, 0xfc, 0x83, 0xfc, 0xa2, 0xfc, 0x82, 0xfc, 0xe4, 0xfc, 0x22, 0xec,
  0x80, 0x10, 0x00, 0x00, 0x00, 0x00, 0x00, 0x00, 0x00, 0x00, 0x00, 0x00,
  0x00, 0x00, 0x00, 0x00, 0x00, 0x00, 0x00, 0x00, 0x00, 0x00, 0x00, 0x00,
  0x00, 0x00, 0x00, 0x00, 0x00, 0x00, 0x00, 0x00, 0x00, 0x00, 0x00, 0x00,
  0x00, 0x00, 0x00, 0x00, 0x00, 0x00, 0x00, 0x00, 0x00, 0x00, 0x00, 0x00,
  0x00, 0x00, 0x00, 0x00, 0x00, 0x00, 0x00, 0x00, 0x00, 0x00, 0x00, 0x00,
  0x01, 0x00, 0x00, 0x00, 0x40, 0x40, 0x69, 0xcc, 0xc2, 0xfc, 0x80, 0xfc,
  0x83, 0xfc, 0xa2, 0xfc, 0x82, 0xfc, 0xa2, 0xfc, 0x82, 0xfc, 0xa2, 0xfc,
  0x82, 0xfc, 0xa2, 0xfc, 0x82, 0xfc, 0xa2, 0xfc, 0x82, 0xfc, 0xa2, 0xfc,
  0x82, 0xfc, 0xa2, 0xfc, 0x83, 0xfc, 0xa2, 0xfc, 0x83, 0xfc, 0xa2, 0xfc,
  0x82, 0xfc, 0x61, 0xfc, 0x41, 0xfc, 0x81, 0xfc, 0x83, 0xfc, 0xa2, 0xfc,
  0x81, 0xfc, 0x81, 0xfc, 0xa9, 0xd4, 0xf1, 0xfe, 0xff, 0xff, 0xff, 0xff,
  0xff, 0xff, 0xfe, 0xff, 0xff, 0xff, 0xff, 0xff, 0x2d, 0xfe, 0x86, 0xe4,
  0x82, 0xfc, 0x81, 0xfc, 0x83, 0xfc, 0xa2, 0xfc, 0x82, 0xfc, 0xa2, 0xfc,
  0x82, 0xfc, 0xa2, 0xfc, 0x82, 0xfc, 0xa2, 0xfc, 0x82, 0xfc, 0xa2, 0xfc,
  0x82, 0xfc, 0xa2, 0xfc, 0x82, 0xfc, 0xa2, 0xfc, 0x82, 0xfc, 0xa2, 0xfc,
  0x82, 0xfc, 0xa2, 0xfc, 0x82, 0xfc, 0xa2, 0xfc, 0x82, 0xfc, 0xa2, 0xfc,
  0x82, 0xfc, 0xa2, 0xfc, 0x82, 0xfc, 0xa2, 0xfc, 0x82, 0xfc, 0xa2, 0xfc,
  0x82, 0xfc, 0xa2, 0xfc, 0x82, 0xfc, 0xa2, 0xfc, 0x83, 0xfc, 0xa2, 0xfc,
  0x61, 0xfc, 0xa1, 0xfc, 0x69, 0xc4, 0x60, 0x40, 0x00, 0x00, 0x21, 0x00,
  0x00, 0x00, 0x00, 0x00, 0x00, 0x00, 0x00, 0x00, 0x00, 0x00, 0x00, 0x00,
  0x00, 0x00, 0x00, 0x00, 0x00, 0x00, 0x00, 0x00, 0x00, 0x00, 0x00, 0x00,
  0x00, 0x00, 0x00, 0x00, 0x00, 0x00, 0x00, 0x00, 0x00, 0x00, 0x00, 0x00,
  0x00, 0x00, 0x00, 0x00, 0x00, 0x00, 0x00, 0x00, 0x00, 0x00, 0x00, 0x00,
  0x00, 0x00, 0x00, 0x00, 0x00, 0x00, 0x00, 0x00, 0x00, 0x00, 0x01, 0x00,
  0x00, 0x00, 0x81, 0x18, 0x42, 0xec, 0xc5, 0xfc, 0x81, 0xfc, 0x82, 0xfc,
  0xa2, 0xfc, 0xa3, 0xfc, 0xa2, 0xfc, 0xa3, 0xfc, 0xa2, 0xfc, 0xa3, 0xfc,
  0xa2, 0xfc, 0xa3, 0xfc, 0xa2, 0xfc, 0xa3, 0xfc, 0xa2, 0xfc, 0xa3, 0xfc,
  0xa2, 0xfc, 0xa3, 0xfc, 0xa2, 0xfc, 0xa3, 0xfc, 0xa2, 0xfc, 0xa3, 0xfc,
  0xa2, 0xfc, 0x83, 0xfc, 0xa2, 0xfc, 0xa3, 0xfc, 0xa2, 0xfc, 0x82, 0xfc,
  0xa3, 0xf4, 0x26, 0xfd, 0x74, 0xf6, 0x58, 0xff, 0xff, 0xff, 0xff, 0xff,
  0xff, 0xff, 0xff, 0xff, 0x68, 0xfd, 0x85, 0xec, 0xa2, 0xfc, 0x82, 0xfc,
  0xa2, 0xfc, 0x83, 0xfc, 0xa2, 0xfc, 0xa3, 0xfc, 0xa2, 0xfc, 0xa3, 0xfc,
  0xa2, 0xfc, 0xa3, 0xfc, 0xa2, 0xfc, 0xa3, 0xfc, 0xa2, 0xfc, 0xa3, 0xfc,
  0xa2, 0xfc, 0xa3, 0xfc, 0xa2, 0xfc, 0xa3, 0xfc, 0xa2, 0xfc, 0xa3, 0xfc,
  0xa2, 0xfc, 0xa3, 0xfc, 0xa2, 0xfc, 0xa3, 0xfc, 0xa2, 0xfc, 0xa3, 0xfc,
  0xa2, 0xfc, 0xa3, 0xfc, 0xa2, 0xfc, 0xa3, 0xfc, 0xa2, 0xfc, 0xa3, 0xfc,
  0xa2, 0xfc, 0x83, 0xfc, 0xa2, 0xfc, 0x82, 0xfc, 0xa2, 0xfc, 0xc4, 0xfc,
  0x22, 0x31, 0x00, 0x00, 0x20, 0x00, 0x00, 0x00, 0x00, 0x00, 0x00, 0x00,
  0x00, 0x00, 0x00, 0x00, 0x00, 0x00, 0x00, 0x00, 0x00, 0x00, 0x00, 0x00,
  0x00, 0x00, 0x00, 0x00, 0x00, 0x00, 0x00, 0x00, 0x00, 0x00, 0x00, 0x00,
  0x00, 0x00, 0x00, 0x00, 0x00, 0x00, 0x00, 0x00, 0x00, 0x00, 0x00, 0x00,
  0x00, 0x00, 0x00, 0x00, 0x00, 0x00, 0x00, 0x00, 0x00, 0x00, 0x00, 0x00,
  0x00, 0x00, 0x00, 0x00, 0x00, 0x00, 0x00, 0x00, 0x01, 0x00, 0x00, 0x00,
  0x40, 0x40, 0x89, 0xcc, 0xc2, 0xfc, 0x60, 0xfc, 0x83, 0xfc, 0xa2, 0xfc,
  0x82, 0xfc, 0xa2, 0xfc, 0x82, 0xfc, 0xa2, 0xfc, 0x82, 0xfc, 0xa2, 0xfc,
  0x82, 0xfc, 0xa2, 0xfc, 0x82, 0xfc, 0xa2, 0xfc, 0x82, 0xfc, 0xa2, 0xfc,
  0x82, 0xfc, 0xa2, 0xfc, 0x82, 0xfc, 0xa2, 0xfc, 0x82, 0xfc, 0xa2, 0xfc,
  0x82, 0xfc, 0xa2, 0xfc, 0x82, 0xfc, 0xa2, 0xfc, 0x82, 0xfc, 0x81, 0xfc,
  0x40, 0xfc, 0x81, 0xfc, 0x4a, 0xf5, 0x0d, 0xfe, 0x39, 0xff, 0x9a, 0xff,
  0xc4, 0xfc, 0xa3, 0xfc, 0x82, 0xfc, 0xa1, 0xfc, 0x82, 0xfc, 0xa2, 0xfc,
  0x82, 0xfc, 0xa2, 0xfc, 0x82, 0xfc, 0xa2, 0xfc, 0x82, 0xfc, 0xa2, 0xfc,
  0x82, 0xfc, 0xa2, 0xfc, 0x82, 0xfc, 0xa2, 0xfc, 0x82, 0xfc, 0xa2, 0xfc,
  0x82, 0xfc, 0xa2, 0xfc, 0x82, 0xfc, 0xa2, 0xfc, 0x82, 0xfc, 0xa2, 0xfc,
  0x82, 0xfc, 0xa2, 0xfc, 0x82, 0xfc, 0xa2, 0xfc, 0x82, 0xfc, 0xa2, 0xfc,
  0x82, 0xfc, 0xa2, 0xfc, 0x82, 0xfc, 0xa2, 0xfc, 0x83, 0xfc, 0xa2, 0xfc,
  0x61, 0xfc, 0xa1, 0xfc, 0xe9, 0xe4, 0x40, 0x71, 0x00, 0x00, 0x21, 0x00,
  0x00, 0x00, 0x00, 0x00, 0x00, 0x00, 0x00, 0x00, 0x00, 0x00, 0x00, 0x00,
  0x00, 0x00, 0x00, 0x00, 0x00, 0x00, 0x00, 0x00, 0x00, 0x00, 0x00, 0x00,
  0x00, 0x00, 0x00, 0x00, 0x00, 0x00, 0x00, 0x00, 0x00, 0x00, 0x00, 0x00,
  0x00, 0x00, 0x00, 0x00, 0x00, 0x00, 0x00, 0x00, 0x00, 0x00, 0x00, 0x00,
  0x00, 0x00, 0x00, 0x00, 0x00, 0x00, 0x00, 0x00, 0x00, 0x00, 0x00, 0x00,
  0x00, 0x00, 0x00, 0x00, 0x00, 0x00, 0x01, 0x00, 0x00, 0x00, 0x81, 0x18,
  0x41, 0xec, 0xe5, 0xfc, 0x81, 0xfc, 0x82, 0xfc, 0xa2, 0xfc, 0x83, 0xfc,
  0xa2, 0xfc, 0xa3, 0xfc, 0xa2, 0xfc, 0xa3, 0xfc, 0xa2, 0xfc, 0xa3, 0xfc,
  0xa2, 0xfc, 0xa3, 0xfc, 0xa2, 0xfc, 0xa3, 0xfc, 0xa2, 0xfc, 0xa3, 0xfc,
  0xa2, 0xfc, 0xa3, 0xfc, 0xa2, 0xfc, 0xa3, 0xfc, 0xa2, 0xfc, 0xa3, 0xfc,
  0xa2, 0xfc, 0xa3, 0xfc, 0xa2, 0xfc, 0xa3, 0xfc, 0xa2, 0xfc, 0x83, 0xfc,
  0x81, 0xfc, 0x41, 0xfc, 0xa2, 0xfc, 0xe4, 0xfc, 0xa2, 0xfc, 0xa3, 0xfc,
  0xa2, 0xfc, 0xa3, 0xfc, 0xa2, 0xfc, 0xa3, 0xfc, 0xa2, 0xfc, 0xa3, 0xfc,
  0xa2, 0xfc, 0xa3, 0xfc, 0xa2, 0xfc, 0xa3, 0xfc, 0xa2, 0xfc, 0xa3, 0xfc,
  0xa2, 0xfc, 0xa3, 0xfc, 0xa2, 0xfc, 0xa3, 0xfc, 0xa2, 0xfc, 0xa3, 0xfc,
  0xa2, 0xfc, 0xa3, 0xfc, 0xa2, 0xfc, 0xa3, 0xfc, 0xa2, 0xfc, 0xa3, 0xfc,
  0xa2, 0xfc, 0xa3, 0xfc, 0xa2, 0xfc, 0xa3, 0xfc, 0xa2, 0xfc, 0xa3, 0xfc,
  0xa2, 0xfc, 0xa3, 0xfc, 0xa2, 0xfc, 0x62, 0xfc, 0xe4, 0xfc, 0x42, 0xec,
  0x22, 0x31, 0x00, 0x00, 0x20, 0x00, 0x00, 0x00, 0x00, 0x00, 0x00, 0x00,
  0x00, 0x00, 0x00, 0x00, 0x00, 0x00, 0x00, 0x00, 0x00, 0x00, 0x00, 0x00,
  0x00, 0x00, 0x00, 0x00, 0x00, 0x00, 0x00, 0x00, 0x00, 0x00, 0x00, 0x00,
  0x00, 0x00, 0x00, 0x00, 0x00, 0x00, 0x00, 0x00, 0x00, 0x00, 0x00, 0x00,
  0x00, 0x00, 0x00, 0x00, 0x00, 0x00, 0x00, 0x00, 0x00, 0x00, 0x00, 0x00,
  0x00, 0x00, 0x00, 0x00, 0x00, 0x00, 0x00, 0x00, 0x00, 0x00, 0x00, 0x00,
  0x00, 0x00, 0x00, 0x00, 0x01, 0x00, 0x00, 0x00, 0x20, 0x30, 0xc7, 0xab,
  0xe3, 0xfc, 0x80, 0xfc, 0x83, 0xfc, 0xa2, 0xfc, 0x82, 0xfc, 0xa2, 0xfc,
  0x82, 0xfc, 0xa2, 0xfc, 0x82, 0xfc, 0xa2, 0xfc, 0x82, 0xfc, 0xa2, 0xfc,
  0x82, 0xfc, 0xa2, 0xfc, 0x82, 0xfc, 0xa2, 0xfc, 0x82, 0xfc, 0xa2, 0xfc,
  0x82, 0xfc, 0xa2, 0xfc, 0x82, 0xfc, 0xa2, 0xfc, 0x82, 0xfc, 0xa2, 0xfc,
  0x82, 0xfc, 0xa2, 0xfc, 0x82, 0xfc, 0xa2, 0xfc, 0x83, 0xfc, 0xa2, 0xfc,
  0x82, 0xfc, 0x82, 0xfc, 0x82, 0xfc, 0xa2, 0xfc, 0x82, 0xfc, 0xa2, 0xfc,
  0x82, 0xfc, 0xa2, 0xfc, 0x82, 0xfc, 0xa2, 0xfc, 0x82, 0xfc, 0xa2, 0xfc,
  0x82, 0xfc, 0xa2, 0xfc, 0x82, 0xfc, 0xa2, 0xfc, 0x82, 0xfc, 0xa2, 0xfc,
  0x82, 0xfc, 0xa2, 0xfc, 0x82, 0xfc, 0xa2, 0xfc, 0x82, 0xfc, 0xa2, 0xfc,
  0x82, 0xfc, 0xa2, 0xfc, 0x82, 0xfc, 0xa2, 0xfc, 0x82, 0xfc, 0xa2, 0xfc,
  0x82, 0xfc, 0xa2, 0xfc, 0x82, 0xfc, 0xa2, 0xfc, 0x83, 0xfc, 0xa2, 0xfc,
  0x60, 0xfc, 0xe2, 0xfc, 0x69, 0xc4, 0x60, 0x40, 0x00, 0x00, 0x21, 0x00,
  0x00, 0x00, 0x00, 0x00, 0x00, 0x00, 0x00, 0x00, 0x00, 0x00, 0x00, 0x00,
  0x00, 0x00, 0x00, 0x00, 0x00, 0x00, 0x00, 0x00, 0x00, 0x00, 0x00, 0x00,
  0x00, 0x00, 0x00, 0x00, 0x00, 0x00, 0x00, 0x00, 0x00, 0x00, 0x00, 0x00,
  0x00, 0x00, 0x00, 0x00, 0x00, 0x00, 0x00, 0x00, 0x00, 0x00, 0x00, 0x00,
  0x00, 0x00, 0x00, 0x00, 0x00, 0x00, 0x00, 0x00, 0x00, 0x00, 0x00, 0x00,
  0x00, 0x00, 0x00, 0x00, 0x00, 0x00, 0x00, 0x00, 0x00, 0x00, 0x00, 0x00,
  0x00, 0x00, 0x00, 0x00, 0x00, 0x00, 0x00, 0x00, 0x60, 0xcb, 0x27, 0xfd,
  0xa1, 0xfc, 0x82, 0xfc, 0xa2, 0xfc, 0x83, 0xfc, 0xa2, 0xfc, 0xa3, 0xfc,
  0xa2, 0xfc, 0xa3, 0xfc, 0xa2, 0xfc, 0xa3, 0xfc, 0xa2, 0xfc, 0xa3, 0xfc,
  0xa2, 0xfc, 0xa3, 0xfc, 0xa2, 0xfc, 0xa3, 0xfc, 0xa2, 0xfc, 0xa3, 0xfc,
  0xa2, 0xfc, 0xa3, 0xfc, 0xa2, 0xfc, 0xa3, 0xfc, 0xa2, 0xfc, 0xa3, 0xfc,
  0xa2, 0xfc, 0xa3, 0xfc, 0xa2, 0xfc, 0x83, 0xfc, 0xa2, 0xfc, 0xa3, 0xfc,
  0xa2, 0xfc, 0xa3, 0xfc, 0xa2, 0xfc, 0x83, 0xfc, 0xa2, 0xfc, 0xa3, 0xfc,
  0xa2, 0xfc, 0xa3, 0xfc, 0xa2, 0xfc, 0xa3, 0xfc, 0xa2, 0xfc, 0xa3, 0xfc,
  0xa2, 0xfc, 0xa3, 0xfc, 0xa2, 0xfc, 0xa3, 0xfc, 0xa2, 0xfc, 0xa3, 0xfc,
  0xa2, 0xfc, 0xa3, 0xfc, 0xa2, 0xfc, 0xa3, 0xfc, 0xa2, 0xfc, 0xa3, 0xfc,
  0xa2, 0xfc, 0xa3, 0xfc, 0xa2, 0xfc, 0xa3, 0xfc, 0xa2, 0xfc, 0xa3, 0xfc,
  0xa2, 0xfc, 0x83, 0xfc, 0x81, 0xfc, 0x62, 0xfc, 0x26, 0xfd, 0x80, 0xcb,
  0x81, 0x10, 0x00, 0x00, 0x20, 0x00, 0x00, 0x00, 0x00, 0x00, 0x00, 0x00,
  0x00, 0x00, 0x00, 0x00, 0x00, 0x00, 0x00, 0x00, 0x00, 0x00, 0x00, 0x00,
  0x00, 0x00, 0x00, 0x00, 0x00, 0x00, 0x00, 0x00, 0x00, 0x00, 0x00, 0x00,
  0x00, 0x00, 0x00, 0x00, 0x00, 0x00, 0x00, 0x00, 0x00, 0x00, 0x00, 0x00,
  0x00, 0x00, 0x00, 0x00, 0x00, 0x00, 0x00, 0x00, 0x00, 0x00, 0x00, 0x00,
  0x00, 0x00, 0x00, 0x00, 0x00, 0x00, 0x00, 0x00, 0x00, 0x00, 0x00, 0x00,
  0x00, 0x00, 0x00, 0x00, 0x00, 0x00, 0x00, 0x00, 0x00, 0x00, 0x00, 0x00,
  0x01, 0x00, 0x00, 0x00, 0x00, 0x10, 0x65, 0x6a, 0xa2, 0xfc, 0xc2, 0xfc,
  0x62, 0xfc, 0xa2, 0xfc, 0x82, 0xfc, 0xa2, 0xfc, 0x82, 0xfc, 0xa2, 0xfc,
  0x82, 0xfc, 0xa2, 0xfc, 0x82, 0xfc, 0xa2, 0xfc, 0x82, 0xfc, 0xa2, 0xfc,
  0x82, 0xfc, 0xa2, 0xfc, 0x82, 0xfc, 0xa2, 0xfc, 0x82, 0xfc, 0xa2, 0xfc,
  0x82, 0xfc, 0xa2, 0xfc, 0x82, 0xfc, 0xa2, 0xfc, 0x82, 0xfc, 0xa2, 0xfc,
  0x82, 0xfc, 0xa2, 0xfc, 0x82, 0xfc, 0xa2, 0xfc, 0x82, 0xfc, 0xa2, 0xfc,
  0x82, 0xfc, 0xa2, 0xfc, 0x82, 0xfc, 0xa2, 0xfc, 0x82, 0xfc, 0xa2, 0xfc,
  0x82, 0xfc, 0xa2, 0xfc, 0x82, 0xfc, 0xa2, 0xfc, 0x82, 0xfc, 0xa2, 0xfc,
  0x82, 0xfc, 0xa2, 0xfc, 0x82, 0xfc, 0xa2, 0xfc, 0x82, 0xfc, 0xa2, 0xfc,
  0x82, 0xfc, 0xa2, 0xfc, 0x82, 0xfc, 0xa2, 0xfc, 0x82, 0xfc, 0xa2, 0xfc,
  0x82, 0xfc, 0xa2, 0xfc, 0x82, 0xfc, 0xa2, 0xfc, 0x83, 0xfc, 0x82, 0xfc,
  0x81, 0xfc, 0xe2, 0xfc, 0xe6, 0x7a, 0x00, 0x18, 0x00, 0x00, 0x21, 0x00,
  0x00, 0x00, 0x00, 0x00, 0x00, 0x00, 0x00, 0x00, 0x00, 0x00, 0x00, 0x00,
  0x00, 0x00, 0x00, 0x00, 0x00, 0x00, 0x00, 0x00, 0x00, 0x00, 0x00, 0x00,
  0x00, 0x00, 0x00, 0x00, 0x00, 0x00, 0x00, 0x00, 0x00, 0x00, 0x00, 0x00,
  0x00, 0x00, 0x00, 0x00, 0x00, 0x00, 0x00, 0x00, 0x00, 0x00, 0x00, 0x00,
  0x00, 0x00, 0x00, 0x00, 0x00, 0x00, 0x00, 0x00, 0x00, 0x00, 0x00, 0x00,
  0x00, 0x00, 0x00, 0x00, 0x00, 0x00, 0x00, 0x00, 0x00, 0x00, 0x00, 0x00,
  0x00, 0x00, 0x00, 0x00, 0x00, 0x00, 0x00, 0x00, 0x00, 0x00, 0x00, 0x00,
  0x21, 0x00, 0x00, 0x00, 0x20, 0x61, 0x89, 0xcc, 0xe2, 0xfc, 0x81, 0xfc,
  0xa2, 0xfc, 0xa3, 0xfc, 0xa2, 0xfc, 0xa3, 0xfc, 0xa2, 0xfc, 0xa3, 0xfc,
  0xa2, 0xfc, 0xa3, 0xfc, 0xa2, 0xfc, 0xa3, 0xfc, 0xa2, 0xfc, 0xa3, 0xfc,
  0xa2, 0xfc, 0xa3, 0xfc, 0xa2, 0xfc, 0xa3, 0xfc, 0xa2, 0xfc, 0xa3, 0xfc,
  0xa2, 0xfc, 0xa3, 0xfc, 0xa2, 0xfc, 0xa3, 0xfc, 0xa2, 0xfc, 0xa3, 0xfc,
  0xa2, 0xfc, 0xa3, 0xfc, 0xa2, 0xfc, 0xa3, 0xfc, 0xa2, 0xfc, 0xa3, 0xfc,
  0xa2, 0xfc, 0xa3, 0xfc, 0xa2, 0xfc, 0xa3, 0xfc, 0xa2, 0xfc, 0xa3, 0xfc,
  0xa2, 0xfc, 0xa3, 0xfc, 0xa2, 0xfc, 0xa3, 0xfc, 0xa2, 0xfc, 0xa3, 0xfc,
  0xa2, 0xfc, 0xa3, 0xfc, 0xa2, 0xfc, 0xa3, 0xfc, 0xa2, 0xfc, 0xa3, 0xfc,
  0xa2, 0xfc, 0xa3, 0xfc, 0xa2, 0xfc, 0xa3, 0xfc, 0xa2, 0xfc, 0xa3, 0xfc,
  0xa2, 0xfc, 0x83, 0xfc, 0x80, 0xfc, 0xc2, 0xfc, 0xe8, 0xe4, 0xc0, 0x81,
  0x00, 0x00, 0x01, 0x00, 0x00, 0x00, 0x00, 0x00, 0x00, 0x00, 0x00, 0x00,
  0x00, 0x00, 0x00, 0x00, 0x00, 0x00, 0x00, 0x00, 0x00, 0x00, 0x00, 0x00,
  0x00, 0x00, 0x00, 0x00, 0x00, 0x00, 0x00, 0x00, 0x00, 0x00, 0x00, 0x00,
  0x00, 0x00, 0x00, 0x00, 0x00, 0x00, 0x00, 0x00, 0x00, 0x00, 0x00, 0x00,
  0x00, 0x00, 0x00, 0x00, 0x00, 0x00, 0x00, 0x00, 0x00, 0x00, 0x00, 0x00,
  0x00, 0x00, 0x00, 0x00, 0x00, 0x00, 0x00, 0x00, 0x00, 0x00, 0x00, 0x00,
  0x00, 0x00, 0x00, 0x00, 0x00, 0x00, 0x00, 0x00, 0x00, 0x00, 0x00, 0x00,
  0x00, 0x00, 0x00, 0x00, 0x00, 0x00, 0x00, 0x00, 0x00, 0x00, 0x20, 0x00,
  0x00, 0x00, 0x60, 0x10, 0xe0, 0xba, 0x06, 0xfd, 0xa2, 0xfc, 0x81, 0xfc,
  0x83, 0xfc, 0xa2, 0xfc, 0x82, 0xfc, 0xa2, 0xfc, 0x82, 0xfc, 0xa2, 0xfc,
  0x82, 0xfc, 0xa2, 0xfc, 0x82, 0xfc, 0xa2, 0xfc, 0x82, 0xfc, 0xa2, 0xfc,
  0x82, 0xfc, 0xa2, 0xfc, 0x82, 0xfc, 0xa2, 0xfc, 0x82, 0xfc, 0xa2, 0xfc,
  0x82, 0xfc, 0xa2, 0xfc, 0x82, 0xfc, 0xa2, 0xfc, 0x82, 0xfc, 0xa2, 0xfc,
  0x82, 0xfc, 0xa2, 0xfc, 0x82, 0xfc, 0xa2, 0xfc, 0x82, 0xfc, 0xa2, 0xfc,
  0x82, 0xfc, 0xa2, 0xfc, 0x82, 0xfc, 0xa2, 0xfc, 0x82, 0xfc, 0xa2, 0xfc,
  0x82, 0xfc, 0xa2, 0xfc, 0x82, 0xfc, 0xa2, 0xfc, 0x82, 0xfc, 0xa2, 0xfc,
  0x82, 0xfc, 0xa2, 0xfc, 0x82, 0xfc, 0xa2, 0xfc, 0x82, 0xfc, 0xa2, 0xfc,
  0x82, 0xfc, 0xa2, 0xfc, 0x83, 0xfc, 0xa2, 0xfc, 0x82, 0xfc, 0x81, 0xfc,
  0x06, 0xfd, 0x60, 0xd3, 0xe2, 0x20, 0x00, 0x00, 0x00, 0x00, 0x00, 0x00,
  0x00, 0x00, 0x00, 0x00, 0x00, 0x00, 0x00, 0x00, 0x00, 0x00, 0x00, 0x00,
  0x00, 0x00, 0x00, 0x00, 0x00, 0x00, 0x00, 0x00, 0x00, 0x00, 0x00, 0x00,
  0x00, 0x00, 0x00, 0x00, 0x00, 0x00, 0x00, 0x00, 0x00, 0x00, 0x00, 0x00,
  0x00, 0x00, 0x00, 0x00, 0x00, 0x00, 0x00, 0x00, 0x00, 0x00, 0x00, 0x00,
  0x00, 0x00, 0x00, 0x00, 0x00, 0x00, 0x00, 0x00, 0x00, 0x00, 0x00, 0x00,
  0x00, 0x00, 0x00, 0x00, 0x00, 0x00, 0x00, 0x00, 0x00, 0x00, 0x00, 0x00,
  0x00, 0x00, 0x00, 0x00, 0x00, 0x00, 0x00, 0x00, 0x00, 0x00, 0x00, 0x00,
  0x00, 0x00, 0x00, 0x00, 0x00, 0x00, 0x00, 0x00, 0x21, 0x00, 0x00, 0x00,
  0x00, 0x00, 0xa4, 0x41, 0x41, 0xf4, 0x04, 0xfd, 0xa2, 0xfc, 0x82, 0xfc,
  0xa2, 0xfc, 0x83, 0xfc, 0xa2, 0xfc, 0x83, 0xfc, 0xa2, 0xfc, 0x83, 0xfc,
  0xa2, 0xfc, 0x83, 0xfc, 0xa2, 0xfc, 0x83, 0xfc, 0xa2, 0xfc, 0x83, 0xfc,
  0xa2, 0xfc, 0x83, 0xfc, 0xa2, 0xfc, 0x83, 0xfc, 0xa2, 0xfc, 0x83, 0xfc,
  0xa2, 0xfc, 0x83, 0xfc, 0xa2, 0xfc, 0x83, 0xfc, 0xa2, 0xfc, 0x83, 0xfc,
  0xa2, 0xfc, 0x83, 0xfc, 0xa2, 0xfc, 0x83, 0xfc, 0xa2, 0xfc, 0x83, 0xfc,
  0xa2, 0xfc, 0x83, 0xfc, 0xa2, 0xfc, 0x83, 0xfc, 0xa2, 0xfc, 0x83, 0xfc,
  0xa2, 0xfc, 0x83, 0xfc, 0xa2, 0xfc, 0x83, 0xfc, 0xa2, 0xfc, 0x83, 0xfc,
  0xa2, 0xfc, 0x83, 0xfc, 0xa2, 0xfc, 0x83, 0xfc, 0xa2, 0xfc, 0xa3, 0xfc,
  0xa2, 0xfc, 0x82, 0xfc, 0xe2, 0xfc, 0xa2, 0xfc, 0x85, 0x6a, 0x00, 0x10,
  0x00, 0x00, 0x22, 0x00, 0x00, 0x00, 0x00, 0x00, 0x00, 0x00, 0x00, 0x00,
  0x00, 0x00, 0x00, 0x00, 0x00, 0x00, 0x00, 0x00, 0x00, 0x00, 0x00, 0x00,
  0x00, 0x00, 0x00, 0x00, 0x00, 0x00, 0x00, 0x00, 0x00, 0x00, 0x00, 0x00,
  0x00, 0x00, 0x00, 0x00, 0x00, 0x00, 0x00, 0x00, 0x00, 0x00, 0x00, 0x00,
  0x00, 0x00, 0x00, 0x00, 0x00, 0x00, 0x00, 0x00, 0x00, 0x00, 0x00, 0x00,
  0x00, 0x00, 0x00, 0x00, 0x00, 0x00, 0x00, 0x00, 0x00, 0x00, 0x00, 0x00,
  0x00, 0x00, 0x00, 0x00, 0x00, 0x00, 0x00, 0x00, 0x00, 0x00, 0x00, 0x00,
  0x00, 0x00, 0x00, 0x00, 0x00, 0x00, 0x00, 0x00, 0x00, 0x00, 0x00, 0x00,
  0x00, 0x00, 0x00, 0x00, 0x00, 0x00, 0x00, 0x00, 0x01, 0x00, 0x00, 0x00,
  0x20, 0x28, 0xe5, 0x82, 0x82, 0xfc, 0xe2, 0xfc, 0x82, 0xfc, 0x82, 0xfc,
  0x82, 0xfc, 0xa2, 0xfc, 0x82, 0xfc, 0xa2, 0xfc, 0x82, 0xfc, 0xa2, 0xfc,
  0x82, 0xfc, 0xa2, 0xfc, 0x82, 0xfc, 0xa2, 0xfc, 0x82, 0xfc, 0xa2, 0xfc,
  0x82, 0xfc, 0xa2, 0xfc, 0x82, 0xfc, 0xa2, 0xfc, 0x82, 0xfc, 0xa2, 0xfc,
  0x82, 0xfc, 0xa2, 0xfc, 0x82, 0xfc, 0xa2, 0xfc, 0x82, 0xfc, 0xa2, 0xfc,
  0x82, 0xfc, 0xa2, 0xfc, 0x82, 0xfc, 0xa2, 0xfc, 0x82, 0xfc, 0xa2, 0xfc,
  0x82, 0xfc, 0xa2, 0xfc, 0x82, 0xfc, 0xa2, 0xfc, 0x82, 0xfc, 0xa2, 0xfc,
  0x82, 0xfc, 0xa2, 0xfc, 0x82, 0xfc, 0xa2, 0xfc, 0x82, 0xfc, 0xa2, 0xfc,
  0x82, 0xfc, 0xa2, 0xfc, 0x83, 0xfc, 0x82, 0xfc, 0xc2, 0xfc, 0xe2, 0xfc,
  0x86, 0xa3, 0xc0, 0x48, 0x00, 0x00, 0x00, 0x00, 0x00, 0x00, 0x00, 0x00,
  0x00, 0x00, 0x00, 0x00, 0x00, 0x00, 0x00, 0x00, 0x00, 0x00, 0x00, 0x00,
  0x00, 0x00, 0x00, 0x00, 0x00, 0x00, 0x00, 0x00, 0x00, 0x00, 0x00, 0x00,
  0x00, 0x00, 0x00, 0x00, 0x00, 0x00, 0x00, 0x00, 0x00, 0x00, 0x00, 0x00,
  0x00, 0x00, 0x00, 0x00, 0x00, 0x00, 0x00, 0x00, 0x00, 0x00, 0x00, 0x00,
  0x00, 0x00, 0x00, 0x00, 0x00, 0x00, 0x00, 0x00, 0x00, 0x00, 0x00, 0x00,
  0x00, 0x00, 0x00, 0x00, 0x00, 0x00, 0x00, 0x00, 0x00, 0x00, 0x00, 0x00,
  0x00, 0x00, 0x00, 0x00, 0x00, 0x00, 0x00, 0x00, 0x00, 0x00, 0x00, 0x00,
  0x00, 0x00, 0x00, 0x00, 0x00, 0x00, 0x00, 0x00, 0x00, 0x00, 0x00, 0x00,
  0x00, 0x00, 0x00, 0x00, 0x00, 0x00, 0x00, 0x00, 0x00, 0x00, 0x00, 0x00,
  0xc0, 0x48, 0x87, 0xa3, 0xc1, 0xfc, 0xc2, 0xfc, 0xa2, 0xfc, 0x82, 0xfc,
  0xa2, 0xfc, 0xa3, 0xfc, 0xa2, 0xfc, 0xa3, 0xfc, 0xa2, 0xfc, 0xa3, 0xfc,
  0xa2, 0xfc, 0xa3, 0xfc, 0xa2, 0xfc, 0xa3, 0xfc, 0xa2, 0xfc, 0xa3, 0xfc,
  0xa2, 0xfc, 0xa3, 0xfc, 0xa2, 0xfc, 0xa3, 0xfc, 0xa2, 0xfc, 0xa3, 0xfc,
  0xa2, 0xfc, 0xa3, 0xfc, 0xa2, 0xfc, 0xa3, 0xfc, 0xa2, 0xfc, 0xa3, 0xfc,
  0xa2, 0xfc, 0xa3, 0xfc, 0xa2, 0xfc, 0xa3, 0xfc, 0xa2, 0xfc, 0xa3, 0xfc,
  0xa2, 0xfc, 0xa3, 0xfc, 0xa2, 0xfc, 0xa3, 0xfc, 0xa2, 0xfc, 0xa3, 0xfc,
  0xa2, 0xfc, 0xa3, 0xfc, 0xa2, 0xfc, 0xa3, 0xfc, 0xa2, 0xfc, 0x83, 0xfc,
  0xc1, 0xfc, 0xe2, 0xfc, 0x06, 0xc4, 0x60, 0x69, 0x00, 0x00, 0x00, 0x00,
  0x20, 0x00, 0x00, 0x00, 0x00, 0x00, 0x00, 0x00, 0x00, 0x00, 0x00, 0x00,
  0x00, 0x00, 0x00, 0x00, 0x00, 0x00, 0x00, 0x00, 0x00, 0x00, 0x00, 0x00,
  0x00, 0x00, 0x00, 0x00, 0x00, 0x00, 0x00, 0x00, 0x00, 0x00, 0x00, 0x00,
  0x00, 0x00, 0x00, 0x00, 0x00, 0x00, 0x00, 0x00, 0x00, 0x00, 0x00, 0x00,
  0x00, 0x00, 0x00, 0x00, 0x00, 0x00, 0x00, 0x00, 0x00, 0x00, 0x00, 0x00,
  0x00, 0x00, 0x00, 0x00, 0x00, 0x00, 0x00, 0x00, 0x00, 0x00, 0x00, 0x00,
  0x00, 0x00, 0x00, 0x00, 0x00, 0x00, 0x00, 0x00, 0x00, 0x00, 0x00, 0x00,
  0x00, 0x00, 0x00, 0x00, 0x00, 0x00, 0x00, 0x00, 0x00, 0x00, 0x00, 0x00,
  0x00, 0x00, 0x00, 0x00, 0x00, 0x00, 0x00, 0x00, 0x00, 0x00, 0x00, 0x00,
  0x00, 0x00, 0x00, 0x00, 0x00, 0x00, 0x00, 0x08, 0x00, 0x00, 0x00, 0x00,
  0xe0, 0x50, 0x86, 0xa3, 0xa2, 0xfc, 0xe2, 0xfc, 0xa3, 0xfc, 0x82, 0xfc,
  0x82, 0xfc, 0x82, 0xfc, 0x82, 0xfc, 0xa2, 0xfc, 0x82, 0xfc, 0xa2, 0xfc,
  0x82, 0xfc, 0xa2, 0xfc, 0x82, 0xfc, 0xa2, 0xfc, 0x82, 0xfc, 0xa2, 0xfc,
  0x82, 0xfc, 0xa2, 0xfc, 0x82, 0xfc, 0xa2, 0xfc, 0x82, 0xfc, 0xa2, 0xfc,
  0x82, 0xfc, 0xa2, 0xfc, 0x82, 0xfc, 0xa2, 0xfc, 0x82, 0xfc, 0xa2, 0xfc,
  0x82, 0xfc, 0xa2, 0xfc, 0x82, 0xfc, 0xa2, 0xfc, 0x82, 0xfc, 0xa2, 0xfc,
  0x82, 0xfc, 0xa2, 0xfc, 0x82, 0xfc, 0xa2, 0xfc, 0x83, 0xfc, 0x82, 0xfc,
  0x82, 0xfc, 0xa2, 0xfc, 0xc2, 0xfc, 0xc1, 0xfc, 0xc6, 0xbb, 0x80, 0x71,
  0x00, 0x00, 0x00, 0x00, 0x00, 0x00, 0x00, 0x00, 0x00, 0x00, 0x00, 0x00,
  0x00, 0x00, 0x00, 0x00, 0x00, 0x00, 0x00, 0x00, 0x00, 0x00, 0x00, 0x00,
  0x00, 0x00, 0x00, 0x00, 0x00, 0x00, 0x00, 0x00, 0x00, 0x00, 0x00, 0x00,
  0x00, 0x00, 0x00, 0x00, 0x00, 0x00, 0x00, 0x00, 0x00, 0x00, 0x00, 0x00,
  0x00, 0x00, 0x00, 0x00, 0x00, 0x00, 0x00, 0x00, 0x00, 0x00, 0x00, 0x00,
  0x00, 0x00, 0x00, 0x00, 0x00, 0x00, 0x00, 0x00, 0x00, 0x00, 0x00, 0x00,
  0x00, 0x00, 0x00, 0x00, 0x00, 0x00, 0x00, 0x00, 0x00, 0x00, 0x00, 0x00,
  0x00, 0x00, 0x00, 0x00, 0x00, 0x00, 0x00, 0x00, 0x00, 0x00, 0x00, 0x00,
  0x00, 0x00, 0x00, 0x00, 0x00, 0x00, 0x00, 0x00, 0x00, 0x00, 0x00, 0x00,
  0x00, 0x00, 0x00, 0x00, 0x00, 0x00, 0x00, 0x00, 0x00, 0x00, 0x00, 0x00,
  0x00, 0x00, 0x00, 0x00, 0x00, 0x00, 0x00, 0x00, 0x00, 0x00, 0x00, 0x00,
  0xc0, 0x40, 0xc5, 0x82, 0x61, 0xfc, 0xe3, 0xfc, 0xe3, 0xfc, 0x82, 0xfc,
  0x82, 0xfc, 0x83, 0xfc, 0xa2, 0xfc, 0xa3, 0xfc, 0xa2, 0xfc, 0xa3, 0xfc,
  0xa2, 0xfc, 0xa3, 0xfc, 0xa2, 0xfc, 0xa3, 0xfc, 0xa2, 0xfc, 0xa3, 0xfc,
  0xa2, 0xfc, 0xa3, 0xfc, 0xa2, 0xfc, 0xa3, 0xfc, 0xa2, 0xfc, 0xa3, 0xfc,
  0xa2, 0xfc, 0xa3, 0xfc, 0xa2, 0xfc, 0xa3, 0xfc, 0xa2, 0xfc, 0xa3, 0xfc,
  0xa2, 0xfc, 0xa3, 0xfc, 0xa2, 0xfc, 0xa3, 0xfc, 0xa2, 0xfc, 0x83, 0xfc,
  0xa2, 0xfc, 0x83, 0xf4, 0xa2, 0xfc, 0xc3, 0xfc, 0xe2, 0xfc, 0x82, 0xfc,
  0x86, 0xa3, 0xe0, 0x50, 0x00, 0x00, 0x00, 0x00, 0x00, 0x00, 0x00, 0x00,
  0x00, 0x00, 0x00, 0x00, 0x00, 0x00, 0x00, 0x00, 0x00, 0x00, 0x00, 0x00,
  0x00, 0x00, 0x00, 0x00, 0x00, 0x00, 0x00, 0x00, 0x00, 0x00, 0x00, 0x00,
  0x00, 0x00, 0x00, 0x00, 0x00, 0x00, 0x00, 0x00, 0x00, 0x00, 0x00, 0x00,
  0x00, 0x00, 0x00, 0x00, 0x00, 0x00, 0x00, 0x00, 0x00, 0x00, 0x00, 0x00,
  0x00, 0x00, 0x00, 0x00, 0x00, 0x00, 0x00, 0x00, 0x00, 0x00, 0x00, 0x00,
  0x00, 0x00, 0x00, 0x00, 0x00, 0x00, 0x00, 0x00, 0x00, 0x00, 0x00, 0x00,
  0x00, 0x00, 0x00, 0x00, 0x00, 0x00, 0x00, 0x00, 0x00, 0x00, 0x00, 0x00,
  0x00, 0x00, 0x00, 0x00, 0x00, 0x00, 0x00, 0x00, 0x00, 0x00, 0x00, 0x00,
  0x00, 0x00, 0x00, 0x00, 0x00, 0x00, 0x00, 0x00, 0x00, 0x00, 0x00, 0x00,
  0x00, 0x00, 0x00, 0x00, 0x00, 0x00, 0x00, 0x00, 0x00, 0x00, 0x00, 0x00,
  0x00, 0x00, 0x00, 0x00, 0x00, 0x00, 0x00, 0x00, 0x00, 0x00, 0x00, 0x00,
  0x20, 0x18, 0xc3, 0x51, 0x60, 0xcb, 0xa4, 0xf4, 0xe2, 0xfc, 0xc2, 0xfc,
  0xa3, 0xfc, 0x82, 0xfc, 0x62, 0xfc, 0x82, 0xfc, 0x82, 0xfc, 0x82, 0xfc,
  0x82, 0xfc, 0xa2, 0xfc, 0x82, 0xfc, 0xa2, 0xfc, 0x82, 0xfc, 0xa2, 0xfc,
  0x82, 0xfc, 0xa2, 0xfc, 0x82, 0xfc, 0xa2, 0xfc, 0x82, 0xfc, 0xa2, 0xfc,
  0x82, 0xfc, 0xa2, 0xfc, 0x82, 0xfc, 0xa2, 0xfc, 0x82, 0xfc, 0xa2, 0xfc,
  0x82, 0xfc, 0x82, 0xfc, 0x82, 0xfc, 0xa2, 0xfc, 0xc2, 0xfc, 0x02, 0xfd,
  0xa4, 0xfc, 0xc0, 0xe3, 0x44, 0x6a, 0x80, 0x30, 0x00, 0x00, 0x00, 0x00,
  0x00, 0x00, 0x00, 0x00, 0x00, 0x00, 0x00, 0x00, 0x00, 0x00, 0x00, 0x00,
  0x00, 0x00, 0x00, 0x00, 0x00, 0x00, 0x00, 0x00, 0x00, 0x00, 0x00, 0x00,
  0x00, 0x00, 0x00, 0x00, 0x00, 0x00, 0x00, 0x00, 0x00, 0x00, 0x00, 0x00,
  0x00, 0x00, 0x00, 0x00, 0x00, 0x00, 0x00, 0x00, 0x00, 0x00, 0x00, 0x00,
  0x00, 0x00, 0x00, 0x00, 0x00, 0x00, 0x00, 0x00, 0x00, 0x00, 0x00, 0x00,
  0x00, 0x00, 0x00, 0x00, 0x00, 0x00, 0x00, 0x00, 0x00, 0x00, 0x00, 0x00,
  0x00, 0x00, 0x00, 0x00, 0x00, 0x00, 0x00, 0x00, 0x00, 0x00, 0x00, 0x00,
  0x00, 0x00, 0x00, 0x00, 0x00, 0x00, 0x00, 0x00, 0x00, 0x00, 0x00, 0x00,
  0x00, 0x00, 0x00, 0x00, 0x00, 0x00, 0x00, 0x00, 0x00, 0x00, 0x00, 0x00,
  0x00, 0x00, 0x00, 0x00, 0x00, 0x00, 0x00, 0x00, 0x00, 0x00, 0x00, 0x00,
  0x00, 0x00, 0x00, 0x00, 0x00, 0x00, 0x00, 0x00, 0x00, 0x00, 0x00, 0x00,
  0x00, 0x00, 0x00, 0x00, 0x00, 0x00, 0x00, 0x00, 0x00, 0x00, 0x00, 0x00,
  0x00, 0x00, 0xa2, 0x18, 0x00, 0x82, 0x85, 0xab, 0x41, 0xf4, 0xc3, 0xfc,
  0x02, 0xfd, 0xe3, 0xfc, 0xc2, 0xfc, 0xa2, 0xfc, 0xa2, 0xfc, 0x83, 0xf4,
  0x82, 0xfc, 0x83, 0xf4, 0x82, 0xfc, 0x83, 0xfc, 0xa2, 0xfc, 0x83, 0xfc,
  0xa2, 0xfc, 0x83, 0xfc, 0x82, 0xfc, 0x83, 0xfc, 0x82, 0xfc, 0x83, 0xf4,
  0x82, 0xfc, 0x83, 0xfc, 0xa2, 0xfc, 0xa3, 0xfc, 0xe2, 0xfc, 0xe3, 0xfc,
  0xe3, 0xfc, 0x61, 0xfc, 0xc4, 0xc3, 0x60, 0x92, 0x02, 0x29, 0x00, 0x00,
  0x00, 0x00, 0x00, 0x00, 0x00, 0x00, 0x00, 0x00, 0x00, 0x00, 0x00, 0x00,
  0x00, 0x00, 0x00, 0x00, 0x00, 0x00, 0x00, 0x00, 0x00, 0x00, 0x00, 0x00,
  0x00, 0x00, 0x00, 0x00, 0x00, 0x00, 0x00, 0x00, 0x00, 0x00, 0x00, 0x00,
  0x00, 0x00, 0x00, 0x00, 0x00, 0x00, 0x00, 0x00, 0x00, 0x00, 0x00, 0x00,
  0x00, 0x00, 0x00, 0x00, 0x00, 0x00, 0x00, 0x00, 0x00, 0x00, 0x00, 0x00,
  0x00, 0x00, 0x00, 0x00, 0x00, 0x00, 0x00, 0x00, 0x00, 0x00, 0x00, 0x00,
  0x00, 0x00, 0x00, 0x00, 0x00, 0x00, 0x00, 0x00, 0x00, 0x00, 0x00, 0x00,
  0x00, 0x00, 0x00, 0x00, 0x00, 0x00, 0x00, 0x00, 0x00, 0x00, 0x00, 0x00,
  0x00, 0x00, 0x00, 0x00, 0x00, 0x00, 0x00, 0x00, 0x00, 0x00, 0x00, 0x00,
  0x00, 0x00, 0x00, 0x00, 0x00, 0x00, 0x00, 0x00, 0x00, 0x00, 0x00, 0x00,
  0x00, 0x00, 0x00, 0x00, 0x00, 0x00, 0x00, 0x00, 0x00, 0x00, 0x00, 0x00,
  0x00, 0x00, 0x00, 0x00, 0x00, 0x00, 0x00, 0x00, 0x00, 0x00, 0x00, 0x00,
  0x00, 0x00, 0x00, 0x00, 0x00, 0x00, 0x00, 0x00, 0x00, 0x00, 0x00, 0x00,
  0x00, 0x00, 0x00, 0x00, 0x40, 0x18, 0x42, 0x39, 0x20, 0x8a, 0x43, 0xab,
  0xe1, 0xe3, 0x83, 0xfc, 0xa2, 0xfc, 0xe2, 0xfc, 0xc3, 0xfc, 0xe2, 0xfc,
  0xe3, 0xfc, 0xe2, 0xfc, 0xa2, 0xfc, 0xc2, 0xfc, 0xa3, 0xfc, 0xc2, 0xfc,
  0xc2, 0xfc, 0xe2, 0xfc, 0xc3, 0xfc, 0xe2, 0xfc, 0xe3, 0xfc, 0xe2, 0xfc,
  0xa3, 0xfc, 0x41, 0xf4, 0xa4, 0xc3, 0xa0, 0xa2, 0x63, 0x41, 0x60, 0x28,
  0x00, 0x00, 0x00, 0x00, 0x00, 0x00, 0x00, 0x00, 0x00, 0x00, 0x00, 0x00,
  0x00, 0x00, 0x00, 0x00, 0x00, 0x00, 0x00, 0x00, 0x00, 0x00, 0x00, 0x00,
  0x00, 0x00, 0x00, 0x00, 0x00, 0x00, 0x00, 0x00, 0x00, 0x00, 0x00, 0x00,
  0x00, 0x00, 0x00, 0x00, 0x00, 0x00, 0x00, 0x00, 0x00, 0x00, 0x00, 0x00,
  0x00, 0x00, 0x00, 0x00, 0x00, 0x00, 0x00, 0x00, 0x00, 0x00, 0x00, 0x00,
  0x00, 0x00, 0x00, 0x00, 0x00, 0x00, 0x00, 0x00, 0x00, 0x00, 0x00, 0x00,
  0x00, 0x00, 0x00, 0x00, 0x00, 0x00, 0x00, 0x00, 0x00, 0x00, 0x00, 0x00,
  0x00, 0x00, 0x00, 0x00, 0x00, 0x00, 0x00, 0x00, 0x00, 0x00, 0x00, 0x00,
  0x00, 0x00, 0x00, 0x00, 0x00, 0x00, 0x00, 0x00, 0x00, 0x00, 0x00, 0x00,
  0x00, 0x00, 0x00, 0x00, 0x00, 0x00, 0x00, 0x00, 0x00, 0x00, 0x00, 0x00,
  0x00, 0x00, 0x00, 0x00, 0x00, 0x00, 0x00, 0x00, 0x00, 0x00, 0x00, 0x00,
  0x00, 0x00, 0x00, 0x00, 0x00, 0x00, 0x00, 0x00, 0x00, 0x00, 0x00, 0x00,
  0x00, 0x00, 0x00, 0x00, 0x00, 0x00, 0x00, 0x00, 0x00, 0x00, 0x00, 0x00,
  0x00, 0x00, 0x00, 0x00, 0x00, 0x00, 0x00, 0x00, 0x00, 0x00, 0x00, 0x00,
  0x00, 0x00, 0x00, 0x00, 0x00, 0x00, 0x00, 0x00, 0x00, 0x08, 0x81, 0x10,
  0x40, 0x49, 0xc2, 0x51, 0x80, 0x8a, 0x03, 0x9b, 0xc0, 0xa2, 0x42, 0xab,
  0x02, 0xdc, 0xe2, 0xd3, 0xe1, 0xdb, 0xe2, 0xdb, 0xe3, 0xcb, 0xc0, 0xa2,
  0x02, 0x9b, 0xc2, 0x92, 0xc0, 0x61, 0x80, 0x59, 0xc1, 0x28, 0x40, 0x10,
  0x00, 0x00, 0x00, 0x00, 0x00, 0x00, 0x00, 0x00, 0x00, 0x00, 0x00, 0x00,
  0x00, 0x00, 0x00, 0x00, 0x00, 0x00, 0x00, 0x00, 0x00, 0x00, 0x00, 0x00,
  0x00, 0x00, 0x00, 0x00, 0x00, 0x00, 0x00, 0x00, 0x00, 0x00, 0x00, 0x00,
  0x00, 0x00, 0x00, 0x00, 0x00, 0x00, 0x00, 0x00, 0x00, 0x00, 0x00, 0x00,
  0x00, 0x00, 0x00, 0x00, 0x00, 0x00, 0x00, 0x00, 0x00, 0x00, 0x00, 0x00,
  0x00, 0x00, 0x00, 0x00, 0x00, 0x00, 0x00, 0x00, 0x00, 0x00, 0x00, 0x00,
  0x00, 0x00, 0x00, 0x00, 0x00, 0x00, 0x00, 0x00, 0x00, 0x00, 0x00, 0x00,
  0x00, 0x00, 0x00, 0x00, 0x00, 0x00, 0x00, 0x00, 0x00, 0x00, 0x00, 0x00,
  0x00, 0x00, 0x00, 0x00, 0x00, 0x00, 0x00, 0x00, 0x00, 0x00, 0x00, 0x00,
  0x00, 0x00, 0x00, 0x00, 0x00, 0x00, 0x00, 0x00, 0x00, 0x00, 0x00, 0x00,
  0x00, 0x00, 0x00, 0x00, 0x00, 0x00, 0x00, 0x00, 0x00, 0x00, 0x00, 0x00,
  0x00, 0x00, 0x00, 0x00, 0x00, 0x00, 0x00, 0x00, 0x00, 0x00, 0x00, 0x00,
  0x00, 0x00, 0x00, 0x00, 0x00, 0x00, 0x00, 0x00, 0x00, 0x00, 0x00, 0x00,
  0x00, 0x00, 0x00, 0x00, 0x00, 0x00, 0x00, 0x00, 0x00, 0x00, 0x00, 0x00,
  0x00, 0x00, 0x00, 0x00, 0x00, 0x00, 0x00, 0x00, 0x00, 0x00, 0x00, 0x00,
  0x00, 0x00, 0x00, 0x00, 0x00, 0x00, 0x00, 0x00, 0x00, 0x00, 0x00, 0x00,
  0x00, 0x00, 0x00, 0x00, 0x00, 0x00, 0x00, 0x00, 0x00, 0x00, 0x00, 0x00,
  0x00, 0x00, 0x00, 0x00, 0x00, 0x00, 0x00, 0x00, 0x00, 0x00, 0x00, 0x00,
  0x00, 0x00, 0x00, 0x00, 0x00, 0x00, 0x00, 0x00, 0x00, 0x00, 0x00, 0x00,
  0x00, 0x00, 0x00, 0x00, 0x00, 0x00, 0x00, 0x00, 0x00, 0x00, 0x00, 0x00,
  0x00, 0x00, 0x00, 0x00, 0x00, 0x00, 0x00, 0x00, 0x00, 0x00, 0x00, 0x00,
  0x00, 0x00, 0x00, 0x00, 0x00, 0x00, 0x00, 0x00, 0x00, 0x00, 0x00, 0x00,
  0x00, 0x00, 0x00, 0x00, 0x00, 0x00, 0x00, 0x00, 0x00, 0x00, 0x00, 0x00,
  0x00, 0x00, 0x00, 0x00, 0x00, 0x00, 0x00, 0x00, 0x00, 0x00, 0x00, 0x00,
  0x00, 0x00, 0x00, 0x00, 0x00, 0x00, 0x00, 0x00, 0x00, 0x00, 0x00, 0x00,
  0x00, 0x00, 0x00, 0x00, 0x00, 0x00, 0x00, 0x00, 0x00, 0x00, 0x00, 0x00,
  0x00, 0x00, 0x00, 0x00, 0x00, 0x00, 0x00, 0x00, 0x00, 0x00, 0x00, 0x00,
  0x00, 0x00, 0x00, 0x00, 0x00, 0x00, 0x00, 0x00, 0x00, 0x00, 0x00, 0x00,
  0x00, 0x00, 0x00, 0x00, 0x00, 0x00, 0x00, 0x00, 0x00, 0x00, 0x00, 0x00,
  0x00, 0x00, 0x00, 0x00, 0x00, 0x00, 0x00, 0x00, 0x00, 0x00, 0x00, 0x00,
  0x00, 0x00, 0x00, 0x00, 0x00, 0x00, 0x00, 0x00, 0x00, 0x00, 0x00, 0x00,
  0x00, 0x00, 0x00, 0x00, 0x00, 0x00, 0x00, 0x00, 0x00, 0x00, 0x00, 0x00,
  0x00, 0x00, 0x00, 0x00, 0x00, 0x00, 0x00, 0x00, 0x00, 0x00, 0x00, 0x00,
  0x00, 0x00, 0x00, 0x00, 0x00, 0x00, 0x00, 0x00, 0x00, 0x00, 0x00, 0x00,
  0x00, 0x00, 0x00, 0x00, 0x00, 0x08, 0x20, 0x00, 0x00, 0x08, 0x20, 0x00,
  0x00, 0x08, 0x00, 0x00, 0x00, 0x00, 0x00, 0x00, 0x00, 0x00, 0x00, 0x00,
  0x00, 0x00, 0x20, 0x00, 0x00, 0x08, 0x20, 0x00, 0x00, 0x08, 0x20, 0x00,
  0x00, 0x00, 0x00, 0x00, 0x00, 0x00, 0x00, 0x00, 0x00, 0x00, 0x00, 0x00,
  0x00, 0x00, 0x00, 0x00, 0x00, 0x00, 0x00, 0x00, 0x00, 0x00, 0x00, 0x00,
  0x00, 0x00, 0x00, 0x00, 0x00, 0x00, 0x00, 0x00, 0x00, 0x00, 0x00, 0x00,
  0x00, 0x00, 0x00, 0x00, 0x00, 0x00, 0x00, 0x00, 0x00, 0x00, 0x00, 0x00,
  0x00, 0x00, 0x00, 0x00, 0x00, 0x00, 0x00, 0x00, 0x00, 0x00, 0x00, 0x00,
  0x00, 0x00, 0x00, 0x00, 0x00, 0x00, 0x00, 0x00, 0x00, 0x00, 0x00, 0x00,
  0x00, 0x00, 0x00, 0x00, 0x00, 0x00, 0x00, 0x00, 0x00, 0x00, 0x00, 0x00,
  0x00, 0x00, 0x00, 0x00, 0x00, 0x00, 0x00, 0x00, 0x00, 0x00, 0x00, 0x00,
  0x00, 0x00, 0x00, 0x00, 0x00, 0x00, 0x00, 0x00, 0x00, 0x00, 0x00, 0x00,
  0x00, 0x00, 0x00, 0x00, 0x00, 0x00, 0x00, 0x00, 0x00, 0x00, 0x00, 0x00,
  0x00, 0x00, 0x00, 0x00, 0x00, 0x00, 0x00, 0x00, 0x00, 0x00, 0x00, 0x00,
  0x00, 0x00, 0x00, 0x00, 0x00, 0x00, 0x00, 0x00, 0x00, 0x00, 0x00, 0x00,
  0x00, 0x00, 0x00, 0x00, 0x00, 0x00, 0x00, 0x00, 0x00, 0x00, 0x00, 0x00,
  0x00, 0x00, 0x00, 0x00, 0x00, 0x00, 0x00, 0x00, 0x00, 0x00, 0x00, 0x00,
  0x00, 0x00, 0x00, 0x00, 0x00, 0x00, 0x00, 0x00, 0x00, 0x00, 0x00, 0x00,
  0x00, 0x00, 0x00, 0x00, 0x00, 0x00, 0x00, 0x00, 0x00, 0x00, 0x00, 0x00,
  0x00, 0x00, 0x00, 0x00, 0x00, 0x00, 0x00, 0x00, 0x00, 0x00, 0x00, 0x00,
  0x00, 0x00, 0x00, 0x00, 0x00, 0x00, 0x00, 0x00, 0x00, 0x00, 0x00, 0x00,
  0x00, 0x00, 0x00, 0x00, 0x00, 0x00, 0x00, 0x00, 0x00, 0x00, 0x00, 0x00,
  0x00, 0x00, 0x00, 0x00, 0x00, 0x00, 0x00, 0x00, 0x00, 0x00, 0x00, 0x00,
  0x00, 0x00, 0x00, 0x00, 0x00, 0x00, 0x00, 0x00, 0x00, 0x00, 0x00, 0x00,
  0x00, 0x00, 0x00, 0x00, 0x00, 0x00, 0x00, 0x00, 0x00, 0x00, 0x00, 0x00,
  0x00, 0x00, 0x00, 0x00, 0x00, 0x00, 0x00, 0x00, 0x00, 0x00, 0x00, 0x00,
  0x00, 0x00, 0x00, 0x00, 0x00, 0x00, 0x00, 0x00, 0x00, 0x00, 0x00, 0x00,
  0x00, 0x00, 0x00, 0x00, 0x00, 0x00, 0x00, 0x00, 0x00, 0x00, 0x00, 0x00,
  0x00, 0x00, 0x00, 0x00, 0x00, 0x00, 0x00, 0x00, 0x00, 0x00, 0x00, 0x00,
  0x00, 0x00, 0x00, 0x00, 0x00, 0x00, 0x00, 0x00
};
static constexpr size_t assets_bitcoin_logo_rgb565_len = 25088;
